,Category,Name,Year,Month_only,Month-Year,Sustainedwind speeds,Deaths, Actual Dollars ,DateImpact,Landfall,Month,Day,Year
1276,,Alma,1966,,,,,,9-Jun,Florida,June,9,1966
388,3,Unnamed,1886,July,"July,1886",120,,,14-Jun,Louisiana,June,14,1886
390,3,Unnamed,1886,July,"July,1886",120,,,14-Jun,Texas,June,14,1886
1134,,Unnamed,1906,,,,,,16-Jun,Florida,June,16,1906
1301,,Unnamed,1934,,,,,,16-Jun,Louisiana,June,16,1934
424,3,Unnamed,1888,June,"June,1888",125,,,17-Jun,Texas,June,17,1888
878,1,Agnes,1972,June,"June,1972",90,128,"$2,100,000,000.00 ",19-Jun,Florida,June,19,1972
383,3,Unnamed,1886,July,"July,1886",120,,,21-Jun,Florida,June,21,1886
386,3,Unnamed,1886,July,"July,1886",120,,,21-Jun,Georgia,June,21,1886
129,3,Unnamed,1867,August,"August,1867",125,12,,22-Jun,South Carolina,June,22,1867
133,3,Unnamed,1867,June,"June,1867",120,,,22-Jun,South Carolina,June,22,1867
879,1,Agnes,1972,June,"June,1972",90,128,"$2,100,000,000.00 ",22-Jun,New York,June,22,1972
1238,,Unnamed,1921,,,,,,22-Jun,Texas,June,22,1921
714,4,Unnamed,1945,,",1945",,,,24-Jun,Florida,June,24,1945
1193,,Unnamed,1851,,,,,,25-Jun,Texas,June,25,1851
29,3,Unnamed,1854,June,"June,1854",125,,,26-Jun,Texas,June,26,1854
1259,,Unnamed,1936,,,,,,27-Jun,Texas,June,27,1936
1306,,Audrey,1957,,,,,,27-Jun,Louisiana,June,27,1957
1307,,Audrey,1957,,,,,,27-Jun,Texas,June,27,1957
1320,,Unnamed,1913,,,,,,27-Jun,Texas,June,27,1913
637,4,Unnamed,1929,,",1929",,,,28-Jun,Texas,June,28,1929
945,1,Bonnie,1986,June,"June,1986",85,5,"$42,000,000.00 ",28-Jun,Texas,June,28,1986
1223,,Unnamed,1909,,,,,,29-Jun,Texas,June,29,1909
384,3,Unnamed,1886,July,"July,1886",120,,,30-Jun,Florida,June,30,1886
387,3,Unnamed,1886,July,"July,1886",120,,,30-Jun,Georgia,June,30,1886
1329,,Arthur,2014,,,,,,4-Jul,North Carolina,July,4,2014
1144,,Unnamed,1916,,,,,,5-Jul,Alabama,July,5,1916
1146,,Unnamed,1916,,,,,,5-Jul,Florida,July,5,1916
1198,,Unnamed,1891,,,,,,5-Jul,Texas,July,5,1891
1031,1,Cindy,2005,July,"July,2005",75,3,"$320,000,000.00 ",6-Jul,Louisiana,July,6,2005
1148,,Unnamed,1916,,,,,,6-Jul,Mississippi,July,6,1916
1199,,Unnamed,1896,,,,,,7-Jul,Florida,July,7,1896
780,1,Cindy,1959,July,"July,1959",75,6,"$75,000.00 ",9-Jul,South Carolina,July,9,1959
1029,4,Dennis,2005,July,"July,2005",,15,"$3,617,800,000.00 ",10-Jul,Alabama,July,10,2005
1030,4,Dennis,2005,July,"July,2005",,15,"$3,617,800,000.00 ",10-Jul,Florida,July,10,2005
1132,,Unnamed,1901,,,,,,11-Jul,North Carolina,July,11,1901
1324,,Bertha,1996,,,,,,12-Jul,North Carolina,July,12,1996
1096,1,Barry,2019,July,"July,2019",75,1,,13-Jul,Louisiana,July,13,2019
1149,,Unnamed,1916,,,,,,14-Jul,South Carolina,July,14,1916
121,3,Unnamed,1866,September,"September,1866",120,150,,15-Jul,Texas,July,15,1866
122,3,Unnamed,1866,September,"September,1866",120,,,15-Jul,Texas,July,15,1866
1009,1,Claudette,2003,July,"July,2003",90,3,"$181,000,000.00 ",15-Jul,Texas,July,15,2003
385,3,Unnamed,1886,July,"July,1886",120,,,18-Jul,Florida,July,18,1886
983,1,Danny,1997,July,"July,1997",80,9,"$100,000,000.00 ",18-Jul,Louisiana,July,18,1997
982,1,Danny,1997,July,"July,1997",80,9,"$100,000,000.00 ",19-Jul,Alabama,July,19,1997
1224,,Unnamed,1909,,,,,,21-Jul,Texas,July,21,1909
1336,,Dolly,2008,,,,,,23-Jul,Texas,July,23,2008
943,1,Bob,1985,July,"July,1985",75,5,"$20,000,000.00 ",25-Jul,South Carolina,July,25,1985
779,1,Debra,1959,July,"July,1959",85,0,"$700,000.00 ",25-Jul,Texas,July,25,1959
1104,1,Hanna,2020,July,"July,2020",90,0,"$1,171,800,000.00 ",25-Jul,Texas,July,25,2020
1305,,Unnamed,1934,,,,,,25-Jul,Texas,July,25,1934
407,3,Unnamed,1887,September,"September,1887",120,216,,27-Jul,Florida,July,27,1887
411,3,Unnamed,1887,October,"October,1887",115,3,,27-Jul,Florida,July,27,1887
612,4,Unnamed,1926,,",1926",,,,27-Jul,Florida,July,27,1926
1334,,Unnamed,1943,,,,,,27-Jul,Texas,July,27,1943
159,3,Unnamed,1870,July,"July,1870",120,10,,30-Jul,Alabama,July,30,1870
1247,,Unnamed,1933,,,,,,30-Jul,Florida,July,30,1933
1257,,Unnamed,1936,,,,,,31-Jul,Florida,July,31,1936
1317,,Unnamed,1908,,,,,,31-Jul,North Carolina,July,31,1908
956,1,Chantal,1989,July,"July,1989",80,13,"$100,000,000.00 ",1-Aug,Texas,August,1,1989
1175,,Unnamed,1944,,,,,,1-Aug,North Carolina,August,1,1944
1212,,Unnamed,1899,,,,,,1-Aug,Florida,August,1,1899
1229,,Unnamed,1915,,,,,,1-Aug,Florida,August,1,1915
866,4,Celia,1970,August,"August,1970",,,,3-Aug,Texas,August,3,1970
1207,,Unnamed,1898,,,,,,3-Aug,Florida,August,3,1898
1279,,Erin,1995,,,,,,3-Aug,Florida,August,3,1995
1327,,Alex,2004,,,,,,3-Aug,North Carolina,August,3,2004
1102,1,Isaias,2020,July,"July,2020",90,16,"$5,185,200,000.00 ",4-Aug,South Carolina,August,4,2020
1101,1,Isaias,2020,July,"July,2020",90,16,"$5,185,200,000.00 ",4-Aug,North Carolina,August,4,2020
1252,,Unnamed,1933,,,,,,7-Aug,Texas,August,7,1933
1287,,Unnamed,1940,,,,,,7-Aug,Louisiana,August,7,1940
1295,,Unnamed,1918,,,,,,7-Aug,Louisiana,August,7,1918
1297,,Unnamed,1918,,,,,,7-Aug,Texas,August,7,1918
1243,,Unnamed,1928,,,,,,8-Aug,Florida,August,8,1928
1289,,Unnamed,1940,,,,,,8-Aug,Texas,August,8,1940
921,5,Allen,1980,August,"August,1980",190,13,"$2,012,000,000.00 ",10-Aug,Texas,August,10,1980
1314,,Belle,1976,,,,,,10-Aug,New York,August,10,1976
43,3,Unnamed,1856,September,"September,1856",125,,,11-Aug,Louisiana,August,11,1856
77,3,Unnamed,1860,September,"September,1860",115,84,,11-Aug,Louisiana,August,11,1860
1189,,Unnamed,1903,,,,,,11-Aug,Florida,August,11,1903
1226,,Unnamed,1911,,,,,,11-Aug,Florida,August,11,1911
1261,,Unnamed,1939,,,,,,11-Aug,Florida,August,11,1939
1286,,Unnamed,1940,,,,,,11-Aug,Georgia,August,11,1940
1288,,Unnamed,1940,,,,,,11-Aug,South Carolina,August,11,1940
75,3,Unnamed,1860,September,"September,1860",115,84,,12-Aug,Alabama,August,12,1860
80,3,Unnamed,1860,September,"September,1860",115,84,,12-Aug,Mississippi,August,12,1860
763,4,Connie,1955,August,"August,1955",,,,12-Aug,North Carolina,August,12,1955
764,4,Connie,1955,August,"August,1955",,,,12-Aug,Virginia,August,12,1955
303,3,Unnamed,1880,August,"August,1880",120,34,,13-Aug,Texas,August,13,1880
307,3,Unnamed,1880,October,"October,1880",120,2,,13-Aug,Texas,August,13,1880
311,3,Unnamed,1880,September,"September,1880",120,,,13-Aug,Texas,August,13,1880
315,3,Unnamed,1880,October,"October,1880",120,,,13-Aug,Texas,August,13,1880
319,3,Unnamed,1880,August,"August,1880",120,,,13-Aug,Texas,August,13,1880
1015,4,Charley,2004,August,"August,2004",,35,"$2,399,300,000.00 ",13-Aug,Florida,August,13,2004
1017,4,Charley,2004,August,"August,2004",,35,"$2,399,300,000.00 ",14-Aug,South Carolina,August,14,2004
650,4,Unnamed,1932,,",1932",,,,14-Aug,Texas,August,14,1932
748,1,Barbara,1953,August,"August,1953",90,9,"$1,300,000.00 ",14-Aug,North Carolina,August,14,1953
1016,4,Charley,2004,August,"August,2004",,35,"$2,399,300,000.00 ",14-Aug,North Carolina,August,14,2004
1130,,Unnamed,1901,,,,,,14-Aug,Louisiana,August,14,1901
942,1,Danny,1985,August,"August,1985",90,5,"$100,000,000.00 ",15-Aug,Louisiana,August,15,1985
1129,,Unnamed,1901,,,,,,15-Aug,Alabama,August,15,1901
1131,,Unnamed,1901,,,,,,15-Aug,Mississippi,August,15,1901
1166,,Unnamed,1938,,,,,,15-Aug,Louisiana,August,15,1938
90,3,Unnamed,1861,September,"September,1861",115,46,,16-Aug,Florida,August,16,1861
93,3,Unnamed,1861,November,"November,1861",125,9,,16-Aug,Florida,August,16,1861
96,3,Unnamed,1861,September,"September,1861",125,1,,16-Aug,Florida,August,16,1861
99,3,Unnamed,1861,August,"August,1861",115,,,16-Aug,Florida,August,16,1861
168,3,Unnamed,1871,October,"October,1871",120,200,,16-Aug,Florida,August,16,1871
171,3,Unnamed,1871,September,"September,1871",120,28,,16-Aug,Florida,August,16,1871
174,3,Unnamed,1871,September,"September,1871",115,1,,16-Aug,Florida,August,16,1871
420,3,Unnamed,1888,June,"June,1888",125,,,16-Aug,Florida,August,16,1888
1291,,Unnamed,1855,,,,,,16-Aug,Mississippi,August,16,1855
144,3,Unnamed,1869,September,"September,1869",125,921,,17-Aug,Texas,August,17,1869
857,5,Camille,1969,August,"August,1969",175,259,,17-Aug,Louisiana,August,17,1969
946,1,Charley,1986,August,"August,1986",80,15,"$15,000,000.00 ",17-Aug,North Carolina,August,17,1986
1231,,Unnamed,1915,,,,,,17-Aug,Louisiana,August,17,1915
1234,,Unnamed,1915,,,,,,17-Aug,Texas,August,17,1915
278,3,Unnamed,1879,August,"August,1879",120,26,,18-Aug,North Carolina,August,18,1879
280,3,Unnamed,1879,August,"August,1879",120,26,,18-Aug,Virginia,August,18,1879
284,3,Unnamed,1879,October,"October,1879",120,,,18-Aug,North Carolina,August,18,1879
286,3,Unnamed,1879,October,"October,1879",120,,,18-Aug,Virginia,August,18,1879
856,5,Camille,1969,August,"August,1969",175,259,,18-Aug,Alabama,August,18,1969
858,5,Camille,1969,August,"August,1969",175,259,,18-Aug,Mississippi,August,18,1969
1150,,Unnamed,1916,,,,,,18-Aug,Texas,August,18,1916
1213,,Unnamed,1899,,,,,,18-Aug,North Carolina,August,18,1899
1335,,Alicia,1983,,,,,,18-Aug,Texas,August,18,1983
277,3,Unnamed,1879,August,"August,1879",120,26,,19-Aug,Massachusetts,August,19,1879
283,3,Unnamed,1879,October,"October,1879",120,,,19-Aug,Massachusetts,August,19,1879
422,3,Unnamed,1888,June,"June,1888",125,,,19-Aug,Louisiana,August,19,1888
1184,,Bob,1991,,,,,,19-Aug,Conneticut,August,19,1991
1185,,Bob,1991,,,,,,19-Aug,Massachusetts,August,19,1991
1186,,Bob,1991,,,,,,19-Aug,New York,August,19,1991
1187,,Bob,1991,,,,,,19-Aug,Rhode Island,August,19,1991
391,3,Unnamed,1886,July,"July,1886",120,,,20-Aug,Texas,August,20,1886
409,3,Unnamed,1887,September,"September,1887",120,216,,20-Aug,North Carolina,August,20,1887
413,3,Unnamed,1887,October,"October,1887",115,3,,20-Aug,North Carolina,August,20,1887
423,3,Unnamed,1888,June,"June,1888",125,,,20-Aug,Mississippi,August,20,1888
611,4,Unnamed,1926,,",1926",,,,21-Aug,Alabama,August,21,1926
1332,,Unnamed,1942,,,,,,21-Aug,Texas,August,21,1942
275,3,Unnamed,1879,August,"August,1879",120,26,,23-Aug,Louisiana,August,23,1879
279,3,Unnamed,1879,August,"August,1879",120,26,,23-Aug,Texas,August,23,1879
281,3,Unnamed,1879,October,"October,1879",120,,,23-Aug,Louisiana,August,23,1879
285,3,Unnamed,1879,October,"October,1879",120,,,23-Aug,Texas,August,23,1879
992,4,Bret,1999,August,"August,1999",,,,23-Aug,Texas,August,23,1999
1191,,Unnamed,1851,,,,,,23-Aug,Florida,August,23,1851
1249,,Unnamed,1933,,,,,,23-Aug,Maryland,August,23,1933
1250,,Unnamed,1933,,,,,,23-Aug,North Carolina,August,23,1933
360,3,Unnamed,1885,September,"September,1885",120,10,,24-Aug,Florida,August,24,1885
364,3,Unnamed,1885,September,"September,1885",115,8,,24-Aug,Florida,August,24,1885
368,3,Unnamed,1885,September,"September,1885",125,7,,24-Aug,Florida,August,24,1885
372,3,Unnamed,1885,September,"September,1885",120,,,24-Aug,Florida,August,24,1885
376,3,Unnamed,1885,August,"August,1885",125,,,24-Aug,Florida,August,24,1885
734,4,Unnamed,1949,,",1949",,,,24-Aug,North Carolina,August,24,1949
965,5,Andrew,1992,August,"August,1992",175,61,"$54,270,000,000.00 ",24-Aug,Florida,August,24,1992
1117,,Unnamed,1893,,,,,,24-Aug,Conneticut,August,24,1893
1123,,Unnamed,1893,,,,,,24-Aug,New York,August,24,1893
1192,,Unnamed,1851,,,,,,24-Aug,Georgia,August,24,1851
1197,,Unnamed,1891,,,,,,24-Aug,Florida,August,24,1891
1271,,Unnamed,1947,,,,,,24-Aug,Texas,August,24,1947
1296,,Unnamed,1918,,,,,,24-Aug,North Carolina,August,24,1918
19,3,Unnamed,1852,September,"September,1852",115,,,25-Aug,Louisiana,August,25,1852
169,3,Unnamed,1871,October,"October,1871",120,200,,25-Aug,Florida,August,25,1871
172,3,Unnamed,1871,September,"September,1871",120,28,,25-Aug,Florida,August,25,1871
175,3,Unnamed,1871,September,"September,1871",115,1,,25-Aug,Florida,August,25,1871
361,3,Unnamed,1885,September,"September,1885",120,10,,25-Aug,Georgia,August,25,1885
365,3,Unnamed,1885,September,"September,1885",115,8,,25-Aug,Georgia,August,25,1885
369,3,Unnamed,1885,September,"September,1885",125,7,,25-Aug,Georgia,August,25,1885
373,3,Unnamed,1885,September,"September,1885",120,,,25-Aug,Georgia,August,25,1885
377,3,Unnamed,1885,August,"August,1885",125,,,25-Aug,Georgia,August,25,1885
363,3,Unnamed,1885,September,"September,1885",120,10,,25-Aug,South Carolina,August,25,1885
367,3,Unnamed,1885,September,"September,1885",115,8,,25-Aug,South Carolina,August,25,1885
371,3,Unnamed,1885,September,"September,1885",125,7,,25-Aug,South Carolina,August,25,1885
1021,5,Katrina,2005,August,"August,2005",175,1833,"$180,042,400,000.00 ",25-Aug,Florida,August,25,2005
375,3,Unnamed,1885,September,"September,1885",120,,,25-Aug,South Carolina,August,25,1885
379,3,Unnamed,1885,August,"August,1885",125,,,25-Aug,South Carolina,August,25,1885
14,3,Unnamed,1852,September,"September,1852",115,,,26-Aug,Alabama,August,26,1852
15,3,Unnamed,1852,September,"September,1852",115,,,26-Aug,Florida,August,26,1852
20,3,Unnamed,1852,September,"September,1852",115,,,26-Aug,Mississippi,August,26,1852
615,4,Unnamed,1926,,",1926",,,,26-Aug,Louisiana,August,26,1926
732,4,Unnamed,1949,,",1949",,,,26-Aug,Florida,August,26,1949
966,5,Andrew,1992,August,"August,1992",175,61,"$54,270,000,000.00 ",26-Aug,Louisiana,August,26,1992
1082,4,Harvey,2017,August,"August,2017",,89,"$143,750,000,000.00 ",26-Aug,Texas,August,26,2017
1241,,Unnamed,1924,,,,,,26-Aug,Massachusetts,August,26,1924
1242,,Unnamed,1924,,,,,,26-Aug,North Carolina,August,26,1924
716,4,Unnamed,1945,,",1945",,,,27-Aug,Texas,August,27,1945
733,4,Unnamed,1949,,",1949",,,,27-Aug,Georgia,August,27,1949
816,4,Cleo,1964,August,"August,1964",,,,27-Aug,Florida,August,27,1964
1099,4,Laura,2020,August,"August,2020",,42,"$25,304,500,000.00 ",27-Aug,Louisiana,August,27,2020
1100,4,Laura,2020,August,"August,2020",,42,"$25,304,500,000.00 ",27-Aug,Texas,August,27,2020
1118,,Unnamed,1893,,,,,,27-Aug,Florida,August,27,1893
1216,,Unnamed,1900,,,,,,27-Aug,Florida,August,27,1900
1225,,Unnamed,1909,,,,,,27-Aug,Texas,August,27,1909
1326,,Bonnie,1998,,,,,,27-Aug,North Carolina,August,27,1998
1328,,Irene,2011,,,,,,27-Aug,North Carolina,August,27,2011
324,3,Unnamed,1881,August,"August,1881",120,55,,28-Aug,Georgia,August,28,1881
327,3,Unnamed,1881,August,"August,1881",115,25,,28-Aug,Georgia,August,28,1881
326,3,Unnamed,1881,August,"August,1881",120,55,,28-Aug,South Carolina,August,28,1881
329,3,Unnamed,1881,August,"August,1881",115,25,,28-Aug,South Carolina,August,28,1881
1062,1,Isaac,2012,August,"August,2012",80,9,"$3,399,100,000.00 ",28-Aug,Louisiana,August,28,2012
1119,,Unnamed,1893,,,,,,28-Aug,Georgia,August,28,1893
1124,,Unnamed,1893,,,,,,28-Aug,North Carolina,August,28,1893
1126,,Unnamed,1893,,,,,,28-Aug,South Carolina,August,28,1893
1227,,Unnamed,1911,,,,,,28-Aug,Georgia,August,28,1911
1228,,Unnamed,1911,,,,,,28-Aug,South Carolina,August,28,1911
1018,1,Gaston,2004,August,"August,2004",75,9,"$130,000,000.00 ",29-Aug,South Carolina,August,29,2004
300,3,Unnamed,1880,August,"August,1880",120,34,,29-Aug,Florida,August,29,1880
304,3,Unnamed,1880,October,"October,1880",120,2,,29-Aug,Florida,August,29,1880
308,3,Unnamed,1880,September,"September,1880",120,,,29-Aug,Florida,August,29,1880
312,3,Unnamed,1880,October,"October,1880",120,,,29-Aug,Florida,August,29,1880
316,3,Unnamed,1880,August,"August,1880",120,,,29-Aug,Florida,August,29,1880
1020,5,Katrina,2005,August,"August,2005",175,1833,"$180,042,400,000.00 ",29-Aug,Alabama,August,29,2005
1022,5,Katrina,2005,August,"August,2005",175,1833,"$180,042,400,000.00 ",29-Aug,Louisiana,August,29,2005
1023,5,Katrina,2005,August,"August,2005",175,1833,"$180,042,400,000.00 ",29-Aug,Mississippi,August,29,2005
1111,4,Ida,2021,August,"August,2021",105,96,#REF!,29-Aug,Louisiana,August,29,2021
1331,,Unnamed,1895,,,,,,30-Aug,Texas,August,30,1895
1333,,Unnamed,1942,,,,,,30-Aug,Texas,August,30,1942
1330,,Able,1952,,,,,,31-Aug,South Carolina,August,31,1952
40,3,Unnamed,1856,September,"September,1856",125,,,31-Aug,Alabama,August,31,1856
41,3,Unnamed,1856,September,"September,1856",125,,,31-Aug,Florida,August,31,1856
42,3,Unnamed,1856,September,"September,1856",125,,,31-Aug,Georgia,August,31,1856
1154,,Baker,1950,,,,,,31-Aug,Alabama,August,31,1950
1179,,Carol,1954,,,,,,31-Aug,Conneticut,August,31,1954
1180,,Carol,1954,,,,,,31-Aug,Massachusetts,August,31,1954
1181,,Carol,1954,,,,,,31-Aug,New York,August,31,1954
1182,,Carol,1954,,,,,,31-Aug,North Carolina,August,31,1954
1183,,Carol,1954,,,,,,31-Aug,Rhode Island,August,31,1954
1209,,Unnamed,1898,,,,,,31-Aug,Georgia,August,31,1898
1211,,Unnamed,1898,,,,,,31-Aug,South Carolina,August,31,1898
1323,,Emily,1993,,,,,,31-Aug,North Carolina,August,31,1993
276,3,Unnamed,1879,August,"August,1879",120,26,,1-Sep,Louisiana,September,1,1879
282,3,Unnamed,1879,October,"October,1879",120,,,1-Sep,Louisiana,September,1,1879
648,4,Unnamed,1932,,",1932",,,,1-Sep,Alabama,September,1,1932
649,4,Unnamed,1932,,",1932",,,,1-Sep,Florida,September,1,1932
1049,4,Gustav,2008,August,"August,2008",,53,"$7,736,100,000.00 ",1-Sep,Louisiana,September,1,2008
1158,,Elena,1985,,,,,,1-Sep,Florida,September,1,1985
1081,1,Hermine,2016,August,"August,2016",80,5,,2-Sep,Florida,September,2,2016
1157,,Elena,1985,,,,,,2-Sep,Alabama,September,2,1985
1159,,Elena,1985,,,,,,2-Sep,Mississippi,September,2,1985
915,5,David,1979,August,"August,1979",175,2068,,3-Sep,Florida,September,3,1979
1255,,Unnamed,1935,,,,,,3-Sep,Florida,September,3,1935
1280,,Earl,1998,,,,,,3-Sep,Florida,September,3,1998
1318,,Unnamed,1913,,,,,,3-Sep,North Carolina,September,3,1913
917,5,David,1979,August,"August,1979",175,2068,,4-Sep,South Carolina,September,4,1979
727,4,Unnamed,1948,,",1948",,,,4-Sep,Louisiana,September,4,1948
916,5,David,1979,August,"August,1979",175,2068,,4-Sep,Georgia,September,4,1979
1230,,Unnamed,1915,,,,,,4-Sep,Florida,September,4,1915
1248,,Unnamed,1933,,,,,,4-Sep,Florida,September,4,1933
138,3,Unnamed,1869,September,"September,1869",125,921,,5-Sep,Louisiana,September,5,1869
898,1,Babe,1977,September,"September,1977",75,0,"$13,000,000.00 ",5-Sep,Louisiana,September,5,1977
1014,4,Frances,2004,September,"September,2004",,48,"$14,601,900,000.00 ",5-Sep,Florida,September,5,2004
1253,,Unnamed,1933,,,,,,5-Sep,Texas,September,5,1933
1272,,Easy,1950,,,,,,5-Sep,Florida,September,5,1950
1285,,"""Labor Day""",1935,,,,,,5-Sep,Georgia,September,5,1935
170,3,Unnamed,1871,October,"October,1871",120,200,,6-Sep,Florida,September,6,1871
173,3,Unnamed,1871,September,"September,1871",120,28,,6-Sep,Florida,September,6,1871
176,3,Unnamed,1871,September,"September,1871",115,1,,6-Sep,Florida,September,6,1871
1095,5,Dorian,2019,September,"September,2019",185,10,"$1,787,100,000.00 ",6-Sep,North Carolina,September,6,2019
1325,,Fran,1996,,,,,,6-Sep,North Carolina,September,6,1996
1120,,Unnamed,1893,,,,,,7-Sep,Louisiana,September,7,1893
26,3,Unnamed,1854,June,"June,1854",125,,,8-Sep,Florida,September,8,1854
27,3,Unnamed,1854,June,"June,1854",125,,,8-Sep,Georgia,September,8,1854
137,3,Unnamed,1869,September,"September,1869",125,921,,8-Sep,Conneticut,September,8,1869
140,3,Unnamed,1869,September,"September,1869",125,921,,8-Sep,Massachusetts,September,8,1869
142,3,Unnamed,1869,September,"September,1869",125,921,,8-Sep,New York,September,8,1869
143,3,Unnamed,1869,September,"September,1869",125,921,,8-Sep,Rhode Island,September,8,1869
28,3,Unnamed,1854,June,"June,1854",125,,,8-Sep,South Carolina,September,8,1854
822,4,Betsy,1965,September,"September,1965",,,,8-Sep,Florida,September,8,1965
890,4,Carmen,1974,September,"September,1974",,,,8-Sep,Louisiana,September,8,1974
1302,,Unnamed,1934,,,,,,8-Sep,New Jersey,September,8,1934
1303,,Unnamed,1934,,,,,,8-Sep,New York,September,8,1934
302,3,Unnamed,1880,August,"August,1880",120,34,,9-Sep,North Carolina,September,9,1880
306,3,Unnamed,1880,October,"October,1880",120,2,,9-Sep,North Carolina,September,9,1880
310,3,Unnamed,1880,September,"September,1880",120,,,9-Sep,North Carolina,September,9,1880
314,3,Unnamed,1880,October,"October,1880",120,,,9-Sep,North Carolina,September,9,1880
318,3,Unnamed,1880,August,"August,1880",120,,,9-Sep,North Carolina,September,9,1880
325,3,Unnamed,1881,August,"August,1881",120,55,,9-Sep,North Carolina,September,9,1881
328,3,Unnamed,1881,August,"August,1881",115,25,,9-Sep,North Carolina,September,9,1881
1217,,Unnamed,1900,,,,,,9-Sep,Texas,September,9,1900
1304,,Unnamed,1934,,,,,,9-Sep,North Carolina,September,9,1934
240,3,Unnamed,1878,August,"August,1878",115,200,,10-Sep,Florida,September,10,1878
248,3,Unnamed,1878,August,"August,1878",120,34,,10-Sep,Florida,September,10,1878
256,3,Unnamed,1878,October,"October,1878",120,34,,10-Sep,Florida,September,10,1878
264,3,Unnamed,1878,October,"October,1878",120,1,,10-Sep,Florida,September,10,1878
334,3,Unnamed,1882,August,"August,1882",125,175,,10-Sep,Alabama,September,10,1882
335,3,Unnamed,1882,August,"August,1882",125,175,,10-Sep,Florida,September,10,1882
337,3,Unnamed,1882,September,"September,1882",125,,,10-Sep,Alabama,September,10,1882
338,3,Unnamed,1882,September,"September,1882",125,,,10-Sep,Florida,September,10,1882
793,4,Donna,1960,September,"September,1960",,,,10-Sep,Florida,September,10,1960
817,4,Dora,1964,September,"September,1964",,,,10-Sep,Florida,September,10,1964
823,4,Betsy,1965,September,"September,1965",,,,10-Sep,Louisiana,September,10,1965
871,1,Fern,1971,September,"September,1971",90,2,"$30,200,000.00 ",10-Sep,Texas,September,10,1971
950,1,Florence,1988,September,"September,1988",80,1,"$2,900,000.00 ",10-Sep,Louisiana,September,10,1988
1084,5,Irma,2017,September,"September,2017",180,97,"$57,500,000,000.00 ",10-Sep,Florida,September,10,2017
1202,,Unnamed,1896,,,,,,10-Sep,Massachusetts,September,10,1896
1204,,Unnamed,1896,,,,,,10-Sep,Rhode Island,September,10,1896
1235,,Unnamed,1919,,,,,,10-Sep,Florida,September,10,1919
241,3,Unnamed,1878,August,"August,1878",115,200,,11-Sep,Georgia,September,11,1878
249,3,Unnamed,1878,August,"August,1878",120,34,,11-Sep,Georgia,September,11,1878
257,3,Unnamed,1878,October,"October,1878",120,34,,11-Sep,Georgia,September,11,1878
265,3,Unnamed,1878,October,"October,1878",120,1,,11-Sep,Georgia,September,11,1878
342,3,Unnamed,1883,August,"August,1883",125,10,,11-Sep,North Carolina,September,11,1883
801,4,Carla,1961,September,"September,1961",,,,11-Sep,Texas,September,11,1961
914,1,Bob,1979,July,"July,1979",75,1,"$20,000,000.00 ",11-Sep,Louisiana,September,11,1979
343,3,Unnamed,1883,August,"August,1883",125,10,,11-Sep,South Carolina,September,11,1883
1309,,Edna,1954,,,,,,11-Sep,Massachusetts,September,11,1954
1310,,Edna,1954,,,,,,11-Sep,New York,September,11,1954
1311,,Edna,1954,,,,,,11-Sep,North Carolina,September,11,1954
1312,,Edna,1954,,,,,,11-Sep,Rhode Island,September,11,1954
16,3,Unnamed,1852,September,"September,1852",115,,,12-Sep,Florida,September,12,1852
245,3,Unnamed,1878,August,"August,1878",115,200,,12-Sep,South Carolina,September,12,1878
253,3,Unnamed,1878,August,"August,1878",120,34,,12-Sep,South Carolina,September,12,1878
261,3,Unnamed,1878,October,"October,1878",120,34,,12-Sep,South Carolina,September,12,1878
269,3,Unnamed,1878,October,"October,1878",120,1,,12-Sep,South Carolina,September,12,1878
792,4,Donna,1960,September,"September,1960",,,,12-Sep,Conneticut,September,12,1960
794,4,Donna,1960,September,"September,1960",,,,12-Sep,Massachusetts,September,12,1960
795,4,Donna,1960,September,"September,1960",,,,12-Sep,New York,September,12,1960
796,4,Donna,1960,September,"September,1960",,,,12-Sep,North Carolina,September,12,1960
797,4,Donna,1960,September,"September,1960",,,,12-Sep,Rhode Island,September,12,1960
798,4,Donna,1960,September,"September,1960",,,,12-Sep,Virginia,September,12,1960
1293,,Unnamed,1897,,,,,,12-Sep,Louisiana,September,12,1897
918,4,Frederic,1979,September,"September,1979",,,,13-Sep,Alabama,September,13,1979
919,4,Frederic,1979,September,"September,1979",,,,13-Sep,Mississippi,September,13,1979
933,4,Diana,1984,September,"September,1984",,,,13-Sep,North Carolina,September,13,1984
1043,1,Humberto,2007,September,"September,2007",90,1,"$50,000,000.00 ",13-Sep,Louisiana,September,13,2007
1044,1,Humberto,2007,September,"September,2007",90,1,"$50,000,000.00 ",13-Sep,Texas,September,13,2007
1048,4,Ike,2008,September,"September,2008",,112,"$38,998,400,000.00 ",13-Sep,Texas,September,13,2008
1195,,Unnamed,1865,,,,,,13-Sep,Louisiana,September,13,1865
1196,,Unnamed,1865,,,,,,13-Sep,Texas,September,13,1865
1294,,Unnamed,1897,,,,,,13-Sep,Texas,September,13,1897
1316,,Unnamed,1857,,,,,,13-Sep,North Carolina,September,13,1857
537,4,Unnamed,1910,,",1910",,,,14-Sep,Texas,September,14,1910
1032,1,Ophelia,2005,September,"September,2005",85,3,"$70,000,000.00 ",14-Sep,North Carolina,September,14,2005
1091,4,Florence,2018,September,"September,2018",,53,"$26,880,000,000.00 ",14-Sep,North Carolina,September,14,2018
1110,1,Nicholas,2021,September,"September,2021",75,0,"$1,056,600,000.00 ",14-Sep,Texas,September,14,2021
1141,,Unnamed,1912,,,,,,14-Sep,Alabama,September,14,1912
1142,,Unnamed,1912,,,,,,14-Sep,Florida,September,14,1912
1173,,Unnamed,1944,,,,,,14-Sep,New Jersey,September,14,1944
1176,,Unnamed,1944,,,,,,14-Sep,North Carolina,September,14,1944
1178,,Unnamed,1944,,,,,,14-Sep,Virginia,September,14,1944
1219,,Unnamed,1904,,,,,,14-Sep,South Carolina,September,14,1904
1236,,Unnamed,1919,,,,,,14-Sep,Texas,September,14,1919
78,3,Unnamed,1860,September,"September,1860",115,84,,15-Sep,Louisiana,September,15,1860
81,3,Unnamed,1860,September,"September,1860",115,84,,15-Sep,Mississippi,September,15,1860
715,4,Unnamed,1945,,",1945",,,,15-Sep,Florida,September,15,1945
1170,,Unnamed,1944,,,,,,15-Sep,Conneticut,September,15,1944
1172,,Unnamed,1944,,,,,,15-Sep,Massachusetts,September,15,1944
1174,,Unnamed,1944,,,,,,15-Sep,New York,September,15,1944
1177,,Unnamed,1944,,,,,,15-Sep,Rhode Island,September,15,1944
1239,,Unnamed,1924,,,,,,15-Sep,Florida,September,15,1924
1308,,Ethel,1964,,,,,,15-Sep,Louisiana,September,15,1964
1313,,Ethel,1960,,,,,,15-Sep,Mississippi,September,15,1960
58,3,Unnamed,1858,June,"June,1858",115,,,16-Sep,Conneticut,September,16,1858
59,3,Unnamed,1858,June,"June,1858",115,,,16-Sep,Massachusetts,September,16,1858
60,3,Unnamed,1858,June,"June,1858",115,,,16-Sep,New York,September,16,1858
61,3,Unnamed,1858,June,"June,1858",115,,,16-Sep,Rhode Island,September,16,1858
70,3,Unnamed,1859,October,"October,1859",115,,,16-Sep,Alabama,September,16,1859
71,3,Unnamed,1859,October,"October,1859",115,,,16-Sep,Florida,September,16,1859
76,3,Unnamed,1860,September,"September,1860",115,84,,16-Sep,Alabama,September,16,1860
211,3,Unnamed,1875,September,"September,1875",120,240,,16-Sep,Texas,September,16,1875
212,3,Unnamed,1875,August,"August,1875",120,134,,16-Sep,Texas,September,16,1875
213,3,Unnamed,1875,October,"October,1875",120,19,,16-Sep,Texas,September,16,1875
876,5,Edith,1971,September,"September,1971",160,37,,16-Sep,Louisiana,September,16,1971
991,4,Floyd,1999,September,"September,1999",,77,"$10,969,900,000.00 ",16-Sep,North Carolina,September,16,1999
1012,5,Ivan,2004,September,"September,2004",165,57,"$30,545,800,000.00 ",16-Sep,Alabama,September,16,2004
1013,5,Ivan,2004,September,"September,2004",165,57,"$30,545,800,000.00 ",16-Sep,Florida,September,16,2004
1160,,Sally,2020,,,,,,16-Sep,Alabama,September,16,2020
1161,,Sally,2020,,,,,,16-Sep,Florida,September,16,2020
1188,,Unnamed,1903,,,,,,16-Sep,Deleware,September,16,1903
1190,,Unnamed,1903,,,,,,16-Sep,New Jersey,September,16,1903
1251,,Unnamed,1933,,,,,,16-Sep,North Carolina,September,16,1933
1254,,Unnamed,1933,,,,,,16-Sep,Virginia,September,16,1933
1290,,Unnamed,1855,,,,,,16-Sep,Louisiana,September,16,1855
217,3,Unnamed,1876,September,"September,1876",115,41,,17-Sep,North Carolina,September,17,1876
218,3,Unnamed,1876,September,"September,1876",115,41,,17-Sep,Virginia,September,17,1876
1139,,Unnamed,1906,,,,,,17-Sep,North Carolina,September,17,1906
1140,,Unnamed,1906,,,,,,17-Sep,South Carolina,September,17,1906
1244,,Unnamed,1928,,,,,,17-Sep,Florida,September,17,1928
1265,,Unnamed,1947,,,,,,17-Sep,Florida,September,17,1947
30,3,Unnamed,1854,June,"June,1854",125,,,18-Sep,Texas,September,18,1854
226,3,Unnamed,1877,September,"September,1877",120,4000,,18-Sep,Louisiana,September,18,1877
230,3,Unnamed,1877,September,"September,1877",120,400,,18-Sep,Louisiana,September,18,1877
613,4,Unnamed,1926,,",1926",,,,18-Sep,Florida,September,18,1926
1007,5,Isabel,2003,September,"September,2003",165,55,"$8,390,600,000.00 ",18-Sep,North Carolina,September,18,2003
1245,,Unnamed,1928,,,,,,18-Sep,Georgia,September,18,1928
1258,,Unnamed,1936,,,,,,18-Sep,North Carolina,September,18,1936
1260,,Unnamed,1936,,,,,,18-Sep,Virginia,September,18,1936
1246,,Unnamed,1928,,,,,,18-Sep,South Carolina,September,18,1928
189,3,Unnamed,1873,September,"September,1873",115,17,,19-Sep,Florida,September,19,1873
223,3,Unnamed,1877,September,"September,1877",120,4000,,19-Sep,Florida,September,19,1877
227,3,Unnamed,1877,September,"September,1877",120,400,,19-Sep,Florida,September,19,1877
1008,5,Isabel,2003,September,"September,2003",165,55,"$8,390,600,000.00 ",19-Sep,Virginia,September,19,2003
1268,,Unnamed,1947,,,,,,19-Sep,Louisiana,September,19,1947
1269,,Unnamed,1947,,,,,,19-Sep,Mississippi,September,19,1947
1321,,Ione,1955,,,,,,19-Sep,North Carolina,September,19,1955
838,5,Beulah,1967,September,"September,1967",160,59,,20-Sep,Texas,September,20,1967
1025,5,Rita,2005,September,"September,2005",180,119,"$26,455,100,000.00 ",20-Sep,Florida,September,20,2005
1221,,Unnamed,1909,,,,,,20-Sep,Louisiana,September,20,1909
410,3,Unnamed,1887,September,"September,1887",120,216,,21-Sep,Texas,September,21,1887
414,3,Unnamed,1887,October,"October,1887",115,3,,21-Sep,Texas,September,21,1887
616,4,Unnamed,1926,,",1926",,,,21-Sep,Mississippi,September,21,1926
725,4,Unnamed,1948,,",1948",,,,21-Sep,Florida,September,21,1948
1165,,Unnamed,1938,,,,,,21-Sep,Conneticut,September,21,1938
1167,,Unnamed,1938,,,,,,21-Sep,Massachusetts,September,21,1938
1168,,Unnamed,1938,,,,,,21-Sep,New York,September,21,1938
1169,,Unnamed,1938,,,,,,21-Sep,Rhode Island,September,21,1938
1222,,Unnamed,1909,,,,,,21-Sep,Mississippi,September,21,1909
1298,,Unnamed,1920,,,,,,21-Sep,Louisiana,September,21,1920
955,5,Hugo,1989,September,"September,1989",160,86,"$20,429,700,000.00 ",22-Sep,South Carolina,September,22,1989
954,5,Hugo,1989,September,"September,1989",160,86,"$20,429,700,000.00 ",22-Sep,North Carolina,September,22,1989
392,3,Unnamed,1886,July,"July,1886",120,,,23-Sep,Texas,September,23,1886
1155,,Eloise,1975,,,,,,23-Sep,Alabama,September,23,1975
1156,,Eloise,1975,,,,,,23-Sep,Florida,September,23,1975
1263,,Unnamed,1941,,,,,,23-Sep,Texas,September,23,1941
1292,,Unnamed,1889,,,,,,23-Sep,Louisiana,September,23,1889
197,3,Unnamed,1874,August,"August,1874",120,149,,24-Sep,North Carolina,September,24,1874
200,3,Unnamed,1874,September,"September,1874",120,5,,24-Sep,North Carolina,September,24,1874
203,3,Unnamed,1874,August,"August,1874",120,,,24-Sep,North Carolina,September,24,1874
767,1,Flossy,1956,September,"September,1956",90,15,"$24,900,000.00 ",24-Sep,Florida,September,24,1956
768,1,Flossy,1956,September,"September,1956",90,15,"$24,900,000.00 ",24-Sep,Louisiana,September,24,1956
1026,5,Rita,2005,September,"September,2005",180,119,"$26,455,100,000.00 ",24-Sep,Louisiana,September,24,2005
1027,5,Rita,2005,September,"September,2005",180,119,"$26,455,100,000.00 ",24-Sep,Texas,September,24,2005
362,3,Unnamed,1885,September,"September,1885",120,10,,25-Sep,North Carolina,September,25,1885
366,3,Unnamed,1885,September,"September,1885",115,8,,25-Sep,North Carolina,September,25,1885
370,3,Unnamed,1885,September,"September,1885",125,7,,25-Sep,North Carolina,September,25,1885
374,3,Unnamed,1885,September,"September,1885",120,,,25-Sep,North Carolina,September,25,1885
378,3,Unnamed,1885,August,"August,1885",125,,,25-Sep,North Carolina,September,25,1885
460,4,Unnamed,1894,,",1894",,,,25-Sep,Florida,September,25,1894
985,4,Georges,1998,September,"September,1998",,16,"$10,353,200,000.00 ",25-Sep,Florida,September,25,1998
1274,,Florence,1953,,,,,,26-Sep,Florida,September,26,1953
1283,,Jeanne,2004,,,,,,26-Sep,Florida,September,26,2004
91,3,Unnamed,1861,September,"September,1861",115,46,,27-Sep,North Carolina,September,27,1861
94,3,Unnamed,1861,November,"November,1861",125,9,,27-Sep,North Carolina,September,27,1861
97,3,Unnamed,1861,September,"September,1861",125,1,,27-Sep,North Carolina,September,27,1861
100,3,Unnamed,1861,August,"August,1861",115,,,27-Sep,North Carolina,September,27,1861
777,4,Helene,1958,September,"September,1958",,,,27-Sep,North Carolina,September,27,1958
937,4,Gloria,1985,September,"September,1985",,11,"$2,242,900,000.00 ",27-Sep,Conneticut,September,27,1985
938,4,Gloria,1985,September,"September,1985",,11,"$2,242,900,000.00 ",27-Sep,Maine,September,27,1985
939,4,Gloria,1985,September,"September,1985",,11,"$2,242,900,000.00 ",27-Sep,New Hampshire,September,27,1985
940,4,Gloria,1985,September,"September,1985",,11,"$2,242,900,000.00 ",27-Sep,New York,September,27,1985
941,4,Gloria,1985,September,"September,1985",,11,"$2,242,900,000.00 ",27-Sep,North Carolina,September,27,1985
465,4,Unnamed,1894,,",1894",,,,27-Sep,South Carolina,September,27,1894
1133,,Unnamed,1906,,,,,,27-Sep,Alabama,September,27,1906
1135,,Unnamed,1906,,,,,,27-Sep,Florida,September,27,1906
1137,,Unnamed,1906,,,,,,27-Sep,Louisiana,September,27,1906
1138,,Unnamed,1906,,,,,,27-Sep,Mississippi,September,27,1906
196,3,Unnamed,1874,August,"August,1874",120,149,,28-Sep,Florida,September,28,1874
199,3,Unnamed,1874,September,"September,1874",120,5,,28-Sep,Florida,September,28,1874
202,3,Unnamed,1874,August,"August,1874",120,,,28-Sep,Florida,September,28,1874
198,3,Unnamed,1874,August,"August,1874",120,149,,28-Sep,South Carolina,September,28,1874
201,3,Unnamed,1874,September,"September,1874",120,5,,28-Sep,South Carolina,September,28,1874
204,3,Unnamed,1874,August,"August,1874",120,,,28-Sep,South Carolina,September,28,1874
636,4,Unnamed,1929,,",1929",,,,28-Sep,Florida,September,28,1929
787,4,Gracie,1959,September,"September,1959",,,,29-Sep,South Carolina,September,29,1959
466,4,Unnamed,1894,,",1894",,,,29-Sep,Virginia,September,29,1894
986,4,Georges,1998,September,"September,1998",,16,"$10,353,200,000.00 ",29-Sep,Mississippi,September,29,1998
1151,,Unnamed,1917,,,,,,29-Sep,Alabama,September,29,1917
1152,,Unnamed,1917,,,,,,29-Sep,Florida,September,29,1917
1153,,Unnamed,1917,,,,,,29-Sep,Louisiana,September,29,1917
1200,,Unnamed,1896,,,,,,29-Sep,Florida,September,29,1896
1201,,Unnamed,1896,,,,,,29-Sep,Georgia,September,29,1896
1203,,Unnamed,1896,,,,,,29-Sep,North Carolina,September,29,1896
1205,,Unnamed,1896,,,,,,29-Sep,South Carolina,September,29,1896
1232,,Unnamed,1915,,,,,,29-Sep,Louisiana,September,29,1915
1233,,Unnamed,1915,,,,,,29-Sep,Mississippi,September,29,1915
1206,,Unnamed,1896,,,,,,30-Sep,Virginia,September,30,1896
1322,,Ginger,1971,,,,,,30-Sep,North Carolina,September,30,1971
79,3,Unnamed,1860,September,"September,1860",115,84,,2-Oct,Louisiana,October,2,1860
130,3,Unnamed,1867,August,"August,1867",125,12,,2-Oct,Texas,October,2,1867
134,3,Unnamed,1867,June,"June,1867",120,,,2-Oct,Texas,October,2,1867
1121,,Unnamed,1893,,,,,,2-Oct,Louisiana,October,2,1893
1122,,Unnamed,1893,,,,,,2-Oct,Mississippi,October,2,1893
1208,,Unnamed,1898,,,,,,2-Oct,Florida,October,2,1898
1210,,Unnamed,1898,,,,,,2-Oct,Georgia,October,2,1898
224,3,Unnamed,1877,September,"September,1877",120,4000,,3-Oct,Florida,October,3,1877
225,3,Unnamed,1877,September,"September,1877",120,4000,,3-Oct,Georgia,October,3,1877
228,3,Unnamed,1877,September,"September,1877",120,400,,3-Oct,Florida,October,3,1877
229,3,Unnamed,1877,September,"September,1877",120,400,,3-Oct,Georgia,October,3,1877
819,4,Hilda,1964,October,"October,1964",,,,3-Oct,Louisiana,October,3,1964
1005,4,Lili,2002,October,"October,2002",,2,"$1,734,100,000.00 ",3-Oct,Louisiana,October,3,2002
1116,,Unnamed,1893,,,,,,3-Oct,Alabama,October,3,1893
128,3,Unnamed,1867,August,"August,1867",125,12,,4-Oct,Louisiana,October,4,1867
132,3,Unnamed,1867,June,"June,1867",120,,,4-Oct,Louisiana,October,4,1867
139,3,Unnamed,1869,September,"September,1869",125,921,,4-Oct,Maine,October,4,1869
141,3,Unnamed,1869,September,"September,1869",125,921,,4-Oct,Massachusetts,October,4,1869
735,4,Unnamed,1949,,",1949",,,,4-Oct,Texas,October,4,1949
972,4,Opal,1995,October,"October,1995",,27,"$8,674,700,000.00 ",4-Oct,Alabama,October,4,1995
973,4,Opal,1995,October,"October,1995",,27,"$8,674,700,000.00 ",4-Oct,Florida,October,4,1995
726,4,Unnamed,1948,,",1948",,,,5-Oct,Florida,October,5,1948
127,3,Unnamed,1867,August,"August,1867",125,12,,6-Oct,Florida,October,6,1867
131,3,Unnamed,1867,June,"June,1867",120,,,6-Oct,Florida,October,6,1867
1262,,Unnamed,1941,,,,,,6-Oct,Florida,October,6,1941
188,3,Unnamed,1873,September,"September,1873",115,17,,7-Oct,Florida,October,7,1873
1075,5,Matthew,2016,October,"October,2016",165,49,"$11,700,000,000.00 ",7-Oct,Florida,October,7,2016
1086,1,Nate,2017,October,"October,2017",90,48,,7-Oct,Louisiana,October,7,2017
301,3,Unnamed,1880,August,"August,1880",120,34,,8-Oct,Florida,October,8,1880
305,3,Unnamed,1880,October,"October,1880",120,2,,8-Oct,Florida,October,8,1880
309,3,Unnamed,1880,September,"September,1880",120,,,8-Oct,Florida,October,8,1880
313,3,Unnamed,1880,October,"October,1880",120,,,8-Oct,Florida,October,8,1880
317,3,Unnamed,1880,August,"August,1880",120,,,8-Oct,Florida,October,8,1880
1078,5,Matthew,2016,October,"October,2016",165,49,"$11,700,000,000.00 ",8-Oct,South Carolina,October,8,2016
831,5,Inez,1966,September,"September,1966",165,756,,8-Oct,Florida,October,8,1966
1076,5,Matthew,2016,October,"October,2016",165,49,"$11,700,000,000.00 ",8-Oct,Georgia,October,8,2016
1077,5,Matthew,2016,October,"October,2016",165,49,"$11,700,000,000.00 ",8-Oct,North Carolina,October,8,2016
1087,1,Nate,2017,October,"October,2017",90,48,,8-Oct,Mississippi,October,8,2017
1264,,Unnamed,1946,,,,,,8-Oct,Florida,October,8,1946
1319,,Unnamed,1913,,,,,,8-Oct,South Carolina,October,8,1913
17,3,Unnamed,1852,September,"September,1852",115,,,9-Oct,Florida,October,9,1852
160,3,Unnamed,1870,July,"July,1870",120,10,,9-Oct,Florida,October,9,1870
461,4,Unnamed,1894,,",1894",,,,9-Oct,Florida,October,9,1894
462,4,Unnamed,1894,,",1894",,,,9-Oct,Georgia,October,9,1894
750,1,Hazel,1953,October,"October,1953",85,0,"$250,000.00 ",9-Oct,Florida,October,9,1953
1103,4,Delta,2020,October,"October,2020",,5,"$3,125,300,000.00 ",9-Oct,Louisiana,October,9,2020
18,3,Unnamed,1852,September,"September,1852",115,,,10-Oct,Georgia,October,10,1852
459,4,Unnamed,1894,,",1894",,,,10-Oct,Conneticut,October,10,1894
463,4,Unnamed,1894,,",1894",,,,10-Oct,New York,October,10,1894
464,4,Unnamed,1894,,",1894",,,,10-Oct,Rhode Island,October,10,1894
1088,5,Michael,2018,October,"October,2018",160,49,"$27,972,000,000.00 ",10-Oct,Alabama,October,10,2018
1089,5,Michael,2018,October,"October,2018",160,49,"$27,972,000,000.00 ",10-Oct,Florida,October,10,2018
1090,5,Michael,2018,October,"October,2018",160,49,"$27,972,000,000.00 ",10-Oct,Georgia,October,10,2018
336,3,Unnamed,1882,August,"August,1882",125,175,,11-Oct,Florida,October,11,1882
339,3,Unnamed,1882,September,"September,1882",125,,,11-Oct,Florida,October,11,1882
421,3,Unnamed,1888,June,"June,1888",125,,,11-Oct,Florida,October,11,1888
1220,,Unnamed,1909,,,,,,11-Oct,Florida,October,11,1909
1266,,Unnamed,1947,,,,,,11-Oct,Florida,October,11,1947
389,3,Unnamed,1886,July,"July,1886",120,,,12-Oct,Louisiana,October,12,1886
393,3,Unnamed,1886,July,"July,1886",120,,,12-Oct,Texas,October,12,1886
948,1,Floyd,1987,October,"October,1987",75,1,"$500,000.00 ",12-Oct,Florida,October,12,1987
1125,,Unnamed,1893,,,,,,13-Oct,North Carolina,October,13,1893
1128,,Unnamed,1893,,,,,,13-Oct,Virginia,October,13,1893
1127,,Unnamed,1893,,,,,,13-Oct,South Carolina,October,13,1893
1275,,Isbell,1964,,,,,,14-Oct,Florida,October,14,1964
761,4,Hazel,1954,October,"October,1954",,,,15-Oct,South Carolina,October,15,1954
760,4,Hazel,1954,October,"October,1954",,,,15-Oct,North Carolina,October,15,1954
1267,,Unnamed,1947,,,,,,15-Oct,Georgia,October,15,1947
1281,,Irene,1999,,,,,,15-Oct,Florida,October,15,1999
1270,,Unnamed,1947,,,,,,15-Oct,South Carolina,October,15,1947
957,1,Jerry,1989,October,"October,1989",85,3,"$70,000,000.00 ",16-Oct,Texas,October,16,1989
1143,,Unnamed,1912,,,,,,16-Oct,Texas,October,16,1912
1299,,Unnamed,1923,,,,,,16-Oct,Louisiana,October,16,1923
1300,,Unnamed,1923,,,,,,16-Oct,Mississippi,October,16,1923
1218,,Unnamed,1904,,,,,,17-Oct,Florida,October,17,1904
536,4,Unnamed,1910,,",1910",,,,18-Oct,Florida,October,18,1910
1136,,Unnamed,1906,,,,,,18-Oct,Florida,October,18,1906
1145,,Unnamed,1916,,,,,,18-Oct,Alabama,October,18,1916
1147,,Unnamed,1916,,,,,,18-Oct,Florida,October,18,1916
1273,,King,1950,,,,,,18-Oct,Florida,October,18,1950
1282,,Irene,1999,,,,,,18-Oct,North Carolina,October,18,1999
408,3,Unnamed,1887,September,"September,1887",120,216,,19-Oct,Louisiana,October,19,1887
412,3,Unnamed,1887,October,"October,1887",115,3,,19-Oct,Louisiana,October,19,1887
844,1,Gladys,1968,October,"October,1968",85,11,"$18,700,000.00 ",19-Oct,Florida,October,19,1968
1171,,Unnamed,1944,,,,,,19-Oct,Florida,October,19,1944
161,3,Unnamed,1870,July,"July,1870",120,10,,20-Oct,Florida,October,20,1870
216,3,Unnamed,1876,September,"September,1876",115,41,,20-Oct,Florida,October,20,1876
614,4,Unnamed,1926,,",1926",,,,21-Oct,Florida,October,21,1926
1240,,Unnamed,1924,,,,,,21-Oct,Florida,October,21,1924
1284,,Unnamed,1853,,,,,,21-Oct,Georgia,October,21,1853
239,3,Unnamed,1878,August,"August,1878",115,200,,23-Oct,Deleware,October,23,1878
242,3,Unnamed,1878,August,"August,1878",115,200,,23-Oct,Maryland,October,23,1878
243,3,Unnamed,1878,August,"August,1878",115,200,,23-Oct,New Jersey,October,23,1878
244,3,Unnamed,1878,August,"August,1878",115,200,,23-Oct,North Carolina,October,23,1878
246,3,Unnamed,1878,August,"August,1878",115,200,,23-Oct,Virginia,October,23,1878
247,3,Unnamed,1878,August,"August,1878",120,34,,23-Oct,Deleware,October,23,1878
250,3,Unnamed,1878,August,"August,1878",120,34,,23-Oct,Maryland,October,23,1878
251,3,Unnamed,1878,August,"August,1878",120,34,,23-Oct,New Jersey,October,23,1878
252,3,Unnamed,1878,August,"August,1878",120,34,,23-Oct,North Carolina,October,23,1878
254,3,Unnamed,1878,August,"August,1878",120,34,,23-Oct,Virginia,October,23,1878
255,3,Unnamed,1878,October,"October,1878",120,34,,23-Oct,Deleware,October,23,1878
258,3,Unnamed,1878,October,"October,1878",120,34,,23-Oct,Maryland,October,23,1878
259,3,Unnamed,1878,October,"October,1878",120,34,,23-Oct,New Jersey,October,23,1878
260,3,Unnamed,1878,October,"October,1878",120,34,,23-Oct,North Carolina,October,23,1878
262,3,Unnamed,1878,October,"October,1878",120,34,,23-Oct,Virginia,October,23,1878
263,3,Unnamed,1878,October,"October,1878",120,1,,23-Oct,Deleware,October,23,1878
266,3,Unnamed,1878,October,"October,1878",120,1,,23-Oct,Maryland,October,23,1878
267,3,Unnamed,1878,October,"October,1878",120,1,,23-Oct,New Jersey,October,23,1878
268,3,Unnamed,1878,October,"October,1878",120,1,,23-Oct,North Carolina,October,23,1878
270,3,Unnamed,1878,October,"October,1878",120,1,,23-Oct,Virginia,October,23,1878
1194,,Unnamed,1865,,,,,,23-Oct,Florida,October,23,1865
1024,5,Wilma,2005,October,"October,2005",185,35,"$26,980,000,000.00 ",24-Oct,Florida,October,24,2005
1237,,Unnamed,1921,,,,,,25-Oct,Florida,October,25,1921
72,3,Unnamed,1859,October,"October,1859",115,,,28-Oct,Florida,October,28,1859
936,1,Juan,1985,October,"October,1985",85,63,"$3,906,500,000.00 ",28-Oct,Louisiana,October,28,1985
1163,,Zeta,2020,,,,,,28-Oct,Louisiana,October,28,2020
1162,,Zeta,2020,,,,,,29-Oct,Alabama,October,29,2020
1164,,Zeta,2020,,,,,,29-Oct,Mississippi,October,29,2020
1315,,Sandy,2012,,,,,,29-Oct,New York,October,29,2012
1214,,Unnamed,1899,,,,,,31-Oct,North Carolina,October,31,1899
1215,,Unnamed,1899,,,,,,31-Oct,South Carolina,October,31,1899
92,3,Unnamed,1861,September,"September,1861",115,46,,2-Nov,North Carolina,November,2,1861
95,3,Unnamed,1861,November,"November,1861",125,9,,2-Nov,North Carolina,November,2,1861
98,3,Unnamed,1861,September,"September,1861",125,1,,2-Nov,North Carolina,November,2,1861
101,3,Unnamed,1861,August,"August,1861",115,,,2-Nov,North Carolina,November,2,1861
1256,,Unnamed,1935,,,,,,4-Nov,Florida,November,4,1935
1277,,Kate,1985,,,,,,21-Nov,Florida,November,21,1985
1278,,Kate,1985,,,,,,22-Nov,Georgia,November,22,1985
0,2,Eight,1851,July,"July,1851",105,,,,,July,,1851
1,2,Five,1851,June,"June,1851",105,,,,,June,,1851
2,3,Mobile,1851,July,"July,1851",115,300,,,,July,,1851
3,1,One,1851,June,"June,1851",90,1,,,,June,,1851
4,3,San Agapito,1851,June,"June,1851",115,23,,,,June,,1851
5,1,Two,1851,July,"July,1851",90,0,,,,July,,1851
6,2,Four,1852,September,"September,1852",105,4,"$20,000.00 ",,,September,,1852
7,1,Four,1852,September,"September,1852",90,0,,,,September,,1852
8,3,Coastal,1852,September,"September,1852",125,26,,,,September,,1852
9,1,Hurricane San Lorenzo of 1852,1852,September,"September,1852",80,,,,,September,,1852
10,3,Middle Gulf Coast,1852,September,"September,1852",125,,,,,September,,1852
11,2,One,1852,September,"September,1852",105,,,,,September,,1852
12,1,Three,1852,September,"September,1852",80,0,,,,September,,1852
13,2,Two,1852,September,"September,1852",105,0,,,,September,,1852
21,1,Six,1853,September,"September,1853",80,0,,,,September,,1853
22,3,Southeastern,1853,September,"September,1853",115,4,,,,September,,1853
23,2,Two,1853,September,"September,1853",105,424,,,,September,,1853
24,2,Four,1854,June,"June,1854",105,0,,,,June,,1854
25,1,One,1854,June,"June,1854",80,0,,,,June,,1854
31,3,San Narciso,1855,August,"August,1855",125,811,,,,August,,1855
32,2,Three,1855,August,"August,1855",105,0,,,,August,,1855
33,1,Three,1855,August,"August,1855",80,0,,,,August,,1855
34,4,Last Island,1856,August,"August,1856",,,,,,August,,1856
35,3,New England,1856,August,"August,1856",115,12,,,,August,,1856
36,2,One,1856,September,"September,1856",105,0,,,,September,,1856
37,2,Six,1856,August,"August,1856",105,0,,,,August,,1856
38,1,Six,1856,September,"September,1856",80,0,,,,September,,1856
39,1,Two,1856,August,"August,1856",80,0,,,,August,,1856
44,3,San Marcos,1857,September,"September,1857",115,1200,,,,September,,1857
45,1,Three,1857,September,"September,1857",80,0,,,,September,,1857
46,2,Two,1857,September,"September,1857",105,0,,,,September,,1857
47,3,Central Florida,1858,September,"September,1858",115,26,,,,September,,1858
48,1,Five,1858,September,"September,1858",90,0,,,,September,,1858
49,2,Four,1858,June,"June,1858",105,0,,,,June,,1858
50,1,Four,1858,September,"September,1858",90,0,,,,September,,1858
51,2,Four,1858,September,"September,1858",100,,,,,September,,1858
52,3,Nova Scotia,1858,September,"September,1858",115,600,,,,September,,1858
53,1,One,1858,June,"June,1858",80,0,,,,June,,1858
54,3,Santa Juana,1858,August,"August,1858",115,27,,,,August,,1858
55,2,Six,1858,September,"September,1858",105,,,,,September,,1858
56,2,Two,1858,August,"August,1858",100,0,,,,August,,1858
57,1,Two,1858,August,"August,1858",80,0,,,,August,,1858
62,1,Eight,1859,October,"October,1859",90,,,,,October,,1859
63,1,Five,1859,September,"September,1859",80,2,,,,September,,1859
64,3,Indianola,1859,September,"September,1859",115,829,,,,September,,1859
65,2,One,1859,September,"September,1859",105,0,,,,September,,1859
66,3,San Felipe,1859,September,"September,1859",115,21,,,,September,,1859
67,2,Seven,1859,September,"September,1859",105,0,,,,September,,1859
68,1,Three,1859,September,"September,1859",80,0,,,,September,,1859
69,2,Three,1859,October,"October,1859",105,0,,,,October,,1859
73,1,Three,1860,September,"September,1860",80,0,,,,September,,1860
74,2,Two,1860,September,"September,1860",105,0,,,,September,,1860
82,1,Five,1861,September,"September,1861",80,0,,,,September,,1861
83,1,Four,1861,September,"September,1861",80,0,,,,September,,1861
84,2,One,1861,September,"September,1861",105,0,,,,September,,1861
85,1,The Expedition Hurricane of 1861,1861,November,"November,1861",80,0,,,,November,,1861
86,2,Three,1861,August,"August,1861",105,0,,,,August,,1861
87,2,Three,1861,November,"November,1861",105,0,,,,November,,1861
88,1,Two,1861,August,"August,1861",90,0,,,,August,,1861
89,2,Two,1861,September,"September,1861",105,0,,,,September,,1861
102,1,Five,1862,October,"October,1862",80,3,,,,October,,1862
103,2,Four,1862,October,"October,1862",105,0,,,,October,,1862
104,3,Unnamed,1862,October,"October,1862",125,,,,,October,,1862
105,1,Five,1863,September,"September,1863",80,0,,,,September,,1863
106,2,Four,1863,September,"September,1863",105,325,,,,September,,1863
107,3,Unnamed,1863,September,"September,1863",125,106,,,,September,,1863
108,2,Seven,1864,July,"July,1864",105,1,"$300,000.00 ",,,July,,1864
109,1,Five,1864,October,"October,1864",80,0,,,,October,,1864
110,1,One,1864,July,"July,1864",80,0,,,,July,,1864
111,2,One,1864,August,"August,1864",105,,,,,August,,1864
112,1,Three,1864,August,"August,1864",80,0,,,,August,,1864
113,2,Two,1864,October,"October,1864",105,,,,,October,,1864
114,3,Unnamed,1864,August,"August,1864",120,4,,,,August,,1864
115,3,Unnamed,1864,October,"October,1864",115,,,,,October,,1864
116,3,Unnamed,1864,July,"July,1864",125,,,,,July,,1864
117,2,Four,1866,September,"September,1866",105,8,,,,September,,1866
118,1,Four,1866,September,"September,1866",80,0,,,,September,,1866
119,1,Three,1866,September,"September,1866",80,0,,,,September,,1866
120,2,Two,1866,September,"September,1866",105,13,,,,September,,1866
123,1,Four,1867,August,"August,1867",80,0,,,,August,,1867
124,1,One,1867,June,"June,1867",80,0,,,,June,,1867
125,2,Six,1867,August,"August,1867",105,0,,,,August,,1867
126,2,Three,1867,June,"June,1867",105,0,,,,June,,1867
135,1,Five,1869,September,"September,1869",80,0,,,,September,,1869
136,2,Seven,1869,September,"September,1869",105,,,,,September,,1869
145,1,Eight,1870,October,"October,1870",80,0,,,,October,,1870
146,1,Eleven,1870,October,"October,1870",80,0,,,,October,,1870
147,1,Five,1870,September,"September,1870",90,0,,,,September,,1870
148,2,Four,1870,October,"October,1870",105,0,,,,October,,1870
149,3,Midnight Storm,1870,October,"October,1870",115,34,,,,October,,1870
150,2,One,1870,July,"July,1870",105,2,,,,July,,1870
151,2,One,1870,October,"October,1870",105,0,,,,October,,1870
152,3,San Magn,1870,September,"September,1870",125,703,,,,September,,1870
153,3,San Roque,1870,October,"October,1870",120,4,,,,October,,1870
154,3,Sea Islands,1870,October,"October,1870",120,1000,,,,October,,1870
155,1,Seven,1870,October,"October,1870",80,0,,,,October,,1870
156,1,The Mobile Hurricane of 1870,1870,July,"July,1870",80,,,,,July,,1870
157,2,Three,1870,September,"September,1870",105,0,,,,September,,1870
158,2,Two,1870,October,"October,1870",105,,,,,October,,1870
162,1,Eight,1871,October,"October,1871",80,0,,,,October,,1871
163,1,Seven,1871,September,"September,1871",80,0,,,,September,,1871
164,2,Seven,1871,September,"September,1871",105,0,,,,September,,1871
165,1,Six,1871,September,"September,1871",80,0,,,,September,,1871
166,2,Ten,1871,September,"September,1871",105,37,,,,September,,1871
167,2,Two,1871,October,"October,1871",105,0,,,,October,,1871
177,3,Cedar Keys,1872,October,"October,1872",125,202,,,,October,,1872
178,1,Five,1872,October,"October,1872",80,0,,,,October,,1872
179,2,Five,1872,October,"October,1872",105,0,,,,October,,1872
180,1,Four,1872,September,"September,1872",80,0,,,,September,,1872
181,2,Nine,1872,September,"September,1872",105,52,,,,September,,1872
182,3,San Ramn,1872,September,"September,1872",115,,,,,September,,1872
183,2,Ten,1872,September,"September,1872",105,0,,,,September,,1872
184,1,Three,1872,September,"September,1872",80,0,,,,September,,1872
185,3,Unnamed,1872,September,"September,1872",120,9,,,,September,,1872
186,1,Three,1873,September,"September,1873",80,0,,,,September,,1873
187,2,Two,1873,September,"September,1873",105,0,,,,September,,1873
190,2,Five,1874,August,"August,1874",105,0,,,,August,,1874
191,2,Four,1874,September,"September,1874",105,0,,,,September,,1874
192,2,Seven,1874,August,"August,1874",105,0,,,,August,,1874
193,1,Six,1874,September,"September,1874",90,0,,,,September,,1874
194,1,Three,1874,August,"August,1874",90,0,,,,August,,1874
195,1,Two,1874,August,"August,1874",80,0,,,,August,,1874
205,2,Five,1875,September,"September,1875",105,9,,,,September,,1875
206,2,Four,1875,August,"August,1875",105,0,,,,August,,1875
207,1,One,1875,August,"August,1875",80,0,,,,August,,1875
208,1,Six,1875,October,"October,1875",80,0,,,,October,,1875
209,2,Six,1875,October,"October,1875",105,0,,,,October,,1875
210,1,Two,1875,September,"September,1875",80,0,,,,September,,1875
214,2,Eleven,1876,September,"September,1876",105,72,"$2,000,000.00 ",,,September,,1876
215,1,One,1876,September,"September,1876",90,0,,,,September,,1876
219,2,Eight,1877,September,"September,1877",105,0,,,,September,,1877
220,1,Three,1877,September,"September,1877",80,0,,,,September,,1877
221,2,Two,1877,September,"September,1877",105,0,,,,September,,1877
222,1,Two,1877,September,"September,1877",80,0,,,,September,,1877
231,1,Eight,1878,October,"October,1878",80,27,,,,October,,1878
232,2,Five,1878,August,"August,1878",105,700,,,,August,,1878
233,2,Four,1878,August,"August,1878",105,68,,,,August,,1878
234,2,Four,1878,October,"October,1878",105,8,,,,October,,1878
235,1,Nine,1878,October,"October,1878",80,0,,,,October,,1878
236,2,Six,1878,October,"October,1878",105,0,,,,October,,1878
237,1,Three,1878,August,"August,1878",90,0,,,,August,,1878
238,1,Two,1878,August,"August,1878",80,,,,,August,,1878
271,2,Two,1879,August,"August,1879",105,25,"$1,800,000.00 ",,,August,,1879
272,1,One,1879,August,"August,1879",80,0,,,,August,,1879
273,2,One,1879,October,"October,1879",100,,,,,October,,1879
274,1,Seven,1879,October,"October,1879",80,0,,,,October,,1879
287,2,Eight,1880,September,"September,1880",100,0,,,,September,,1880
288,2,Eight,1880,October,"October,1880",105,0,,,,October,,1880
289,1,Five,1880,August,"August,1880",90,0,,,,August,,1880
290,2,Four,1880,October,"October,1880",100,0,,,,October,,1880
291,1,Nine,1880,October,"October,1880",80,0,,,,October,,1880
292,2,Nine,1880,September,"September,1880",100,0,,,,September,,1880
293,3,San Pedro,1880,September,"September,1880",125,80,,,,September,,1880
294,1,Seven,1880,September,"September,1880",90,0,,,,September,,1880
295,1,Six,1880,September,"September,1880",80,0,,,,September,,1880
296,1,Ten,1880,October,"October,1880",90,0,,,,October,,1880
297,2,Three,1880,August,"August,1880",100,18,,,,August,,1880
298,1,Three,1880,August,"August,1880",90,0,,,,August,,1880
299,2,Two,1880,August,"August,1880",100,0,,,,August,,1880
320,2,Fifteen,1881,August,"August,1881",105,0,,,,August,,1881
321,1,Four,1881,August,"August,1881",80,,,,,August,,1881
322,2,Nine,1881,August,"August,1881",100,14,,,,August,,1881
323,1,Three,1881,August,"August,1881",90,0,,,,August,,1881
330,1,Five,1882,September,"September,1882",80,0,,,,September,,1882
331,2,Nine,1882,September,"September,1882",100,0,,,,September,,1882
332,1,One,1882,August,"August,1882",80,0,,,,August,,1882
333,2,Seven,1882,August,"August,1882",110,0,,,,August,,1882
340,2,Four,1883,August,"August,1883",105,40,,,,August,,1883
341,1,One,1883,August,"August,1883",90,0,,,,August,,1883
344,2,Four,1884,September,"September,1884",100,0,,,,September,,1884
345,1,One,1884,September,"September,1884",80,0,,,,September,,1884
346,2,Six,1884,September,"September,1884",110,0,,,,September,,1884
347,1,Three,1884,September,"September,1884",90,0,,,,September,,1884
348,3,Unnamed,1884,September,"September,1884",120,2,,,,September,,1884
349,3,Unnamed,1884,September,"September,1884",115,,,,,September,,1884
350,2,Five,1885,September,"September,1885",100,0,,,,September,,1885
351,2,Five,1885,August,"August,1885",100,0,,,,August,,1885
352,1,Five,1885,September,"September,1885",80,0,,,,September,,1885
353,1,Four,1885,September,"September,1885",90,4,,,,September,,1885
354,1,One,1885,August,"August,1885",90,0,,,,August,,1885
355,2,Seven,1885,September,"September,1885",100,0,,,,September,,1885
356,1,Seven,1885,September,"September,1885",90,0,,,,September,,1885
357,2,Six,1885,September,"September,1885",100,0,,,,September,,1885
358,1,Six,1885,September,"September,1885",80,,,,,September,,1885
359,2,Three,1885,September,"September,1885",100,0,,,,September,,1885
380,1,Four,1886,July,"July,1886",85,,,,,July,,1886
381,4,Indianola,1886,August,"August,1886",,,,,,August,,1886
382,2,Two,1886,July,"July,1886",100,,,,,July,,1886
394,3,Able,1887,November,"November,1887",120,,,,,November,,1887
395,2,Eight,1887,October,"October,1887",100,0,,,,October,,1887
396,1,Eighteen,1887,December,"December,1887",80,0,,,,December,,1887
397,2,Five,1887,September,"September,1887",100,0,,,,September,,1887
398,1,Fourteen,1887,October,"October,1887",85,0,,,,October,,1887
399,3,Fox,1887,December,"December,1887",125,11,,,,December,,1887
400,3,Love,1887,October,"October,1887",120,,,,,October,,1887
401,2,Seven,1887,October,"October,1887",100,5,,,,October,,1887
402,2,Seven,1887,November,"November,1887",,0,,,,November,,1887
403,1,Seventeen,1887,November,"November,1887",80,0,,,,November,,1887
404,1,Ten,1887,September,"September,1887",80,0,,,,September,,1887
405,1,Thirteen,1887,October,"October,1887",85,,,,,October,,1887
406,2,Two,1887,December,"December,1887",110,0,,,,December,,1887
415,2,One,1888,September,"September,1888",100,1,"$100,000.00 ",,,September,,1888
416,1,One,1888,June,"June,1888",80,,,,,June,,1888
417,3,Able,1888,September,"September,1888",115,11,,,,September,,1888
418,2,Five,1888,June,"June,1888",105,,,,,June,,1888
419,1,Six,1888,September,"September,1888",80,,,,,September,,1888
425,2,Five,1889,June,"June,1889",100,4,"$500,000.00 ",,,June,,1889
426,1,Five,1889,September,"September,1889",80,0,,,,September,,1889
427,3,Charlie,1889,September,"September,1889",120,4,,,,September,,1889
428,3,Easy,1889,May,"May,1889",120,2,,,,May,,1889
429,3,Fox,1889,August,"August,1889",115,,,,,August,,1889
430,3,Jig,1889,June,"June,1889",115,,,,,June,,1889
431,2,One,1889,September,"September,1889",100,45,,,,September,,1889
432,1,One,1889,May,"May,1889",80,0,,,,May,,1889
433,2,Six,1889,August,"August,1889",100,0,,,,August,,1889
434,2,Three,1889,May,"May,1889",100,0,,,,May,,1889
435,1,Three,1889,August,"August,1889",80,,,,,August,,1889
436,1,Two,1889,June,"June,1889",75,,,,,June,,1889
437,2,Four,1890,October,"October,1890",110,383,"$2,500,000.00 ",,,October,,1890
438,1,Four,1890,October,"October,1890",90,,,,,October,,1890
439,3,Edna,1890,October,"October,1890",115,,,,,October,,1890
440,2,Two,1891,July,"July,1891",100,7,"$1,000,000.00 ",,,July,,1891
441,1,Two,1891,August,"August,1891",80,0,,,,August,,1891
442,2,Nine,1891,October,"October,1891",110,,"$200,000.00 ",,,October,,1891
443,1,Nine,1891,October,"October,1891",85,,,,,October,,1891
444,3,Carol,1891,August,"August,1891",115,72,,,,August,,1891
445,3,Edna,1891,October,"October,1891",125,27,,,,October,,1891
446,3,Florence,1891,July,"July,1891",115,,,,,July,,1891
447,2,Four,1891,August,"August,1891",105,0,,,,August,,1891
448,1,One,1891,July,"July,1891",90,10,,,,July,,1891
449,3,Betsy,1892,October,"October,1892",120,36,,,,October,,1892
450,1,Eight,1892,October,"October,1892",90,0,,,,October,,1892
451,3,Hilda,1892,August,"August,1892",120,304,,,,August,,1892
452,2,Seven,1892,October,"October,1892",105,0,,,,October,,1892
453,2,Three,1892,August,"August,1892",100,0,,,,August,,1892
454,1,Two,1892,August,"August,1892",75,,,,,August,,1892
455,3,Audrey,1893,June,"June,1893",125,431,,,,June,,1893
456,4,Cheniere Caminada,1893,August,"August,1893",,,,,,August,,1893
457,1,One,1893,June,"June,1893",80,,,,,June,,1893
458,2,Three,1893,June,"June,1893",100,0,,,,June,,1893
467,2,Four,1897,October,"October,1897",100,57,"$9,000,000.00 ",,,October,,1897
468,2,Four,1897,September,"September,1897",105,0,,,,September,,1897
469,3,Ethel,1897,October,"October,1897",115,1,,,,October,,1897
470,1,Five,1897,October,"October,1897",80,188,,,,October,,1897
471,3,Hannah,1897,September,"September,1897",120,,,,,September,,1897
472,1,Two,1897,September,"September,1897",85,29,,,,September,,1897
473,3,Arlene,1898,August,"August,1898",115,,,,,August,,1898
474,3,Beulah,1898,August,"August,1898",120,,,,,August,,1898
475,4,Georgia,1898,,",1898",,,,,,0,,1898
476,3,Isbell,1898,September,"September,1898",115,7,,,,September,,1898
477,1,One,1898,August,"August,1898",80,12,,,,August,,1898
478,2,Seven,1898,August,"August,1898",100,0,,,,August,,1898
479,2,Six,1898,August,"August,1898",110,2,,,,August,,1898
480,1,Three,1898,September,"September,1898",80,0,,,,September,,1898
481,2,Two,1898,September,"September,1898",105,0,,,,September,,1898
482,1,Two,1898,August,"August,1898",85,,,,,August,,1898
483,4,San Ciriaco,1899,,",1899",,,,,,0,,1899
484,4,Galveston,1900,August,"August,1900",,,,,,August,,1900
485,2,Twelve,1901,October,"October,1901",105,198,"$10,000,000.00 ",,,October,,1901
486,2,Two,1901,September,"September,1901",100,0,"$1,300,000.00 ",,,September,,1901
487,1,1901 Louisiana hurricane,1901,August,"August,1901",90,,,,,August,,1901
488,3,Alma,1901,July,"July,1901",125,93,,,,July,,1901
489,3,Debbie,1901,August,"August,1901",120,,,,,August,,1901
490,2,Eight,1901,August,"August,1901",110,0,,,,August,,1901
491,3,Faith,1901,August,"August,1901",120,5,,,,August,,1901
492,3,Francelia,1901,September,"September,1901",115,271,,,,September,,1901
493,3,Gerda,1901,October,"October,1901",125,,,,,October,,1901
494,1,Hurricane San Cirillo of 1901,1901,July,"July,1901",80,,,,,July,,1901
495,1,Hurricane San Vicente of 1901,1901,September,"September,1901",80,,,,,September,,1901
496,2,Nine,1901,August,"August,1901",105,0,,,,August,,1901
497,2,One,1901,July,"July,1901",100,0,,,,July,,1901
498,1,Six,1901,August,"August,1901",80,0,,,,August,,1901
499,1,Thirteen,1901,October,"October,1901",80,0,,,,October,,1901
500,3,Inga,1902,June,"June,1902",115,,,,,June,,1902
501,2,Three,1902,June,"June,1902",110,0,,,,June,,1902
502,1,Two,1902,June,"June,1902",80,,,,,June,,1902
503,2,Three,1903,September,"September,1903",100,17,"$27,400,000.00 ",,,September,,1903
504,2,Four,1903,November,"November,1903",100,10,"$2,000,000.00 ",,,November,,1903
505,2,Four,1903,July,"July,1903",100,0,,,,July,,1903
506,1,1903 Florida hurricane,1903,September,"September,1903",90,,"$500,000.00 ",,,September,,1903
507,3,Becky,1903,November,"November,1903",115,,,,,November,,1903
508,3,Ella,1903,July,"July,1903",125,1,,,,July,,1903
509,3,Ellen,1903,September,"September,1903",115,,,,,September,,1903
510,1,One,1903,July,"July,1903",80,,,,,July,,1903
511,1,Ten,1903,November,"November,1903",80,0,,,,November,,1903
512,2,Seven,1904,October,"October,1904",110,0,"$1,000,000.00 ",,,October,,1904
513,1,Two,1904,September,"September,1904",80,27,"$500,000.00 ",,,September,,1904
514,2,Six,1904,June,"June,1904",100,42,"$28,000.00 ",,,June,,1904
515,3,Belle,1904,September,"September,1904",120,12,,,,September,,1904
516,3,Caroline,1904,June,"June,1904",115,2,,,,June,,1904
517,3,Eloise,1904,September,"September,1904",125,80,,,,September,,1904
518,2,Four,1904,September,"September,1904",100,0,,,,September,,1904
519,1,Four,1904,October,"October,1904",80,,,,,October,,1904
520,3,Frances,1904,October,"October,1904",115,,,,,October,,1904
521,1,One,1904,June,"June,1904",80,,,,,June,,1904
522,2,Three,1904,September,"September,1904",105,0,,,,September,,1904
523,1,Three,1904,September,"September,1904",80,,,,,September,,1904
524,1,Five,1906,September,"September,1906",90,7,"$2,000,000.00 ",,,September,,1906
525,1,Eleven,1906,November,"November,1906",80,,,,,November,,1906
526,3,Floyd,1906,November,"November,1906",115,,,,,November,,1906
527,2,Fourteen,1906,September,"September,1906",110,69,,,,September,,1906
528,3,Frances,1906,September,"September,1906",115,,,,,September,,1906
529,2,Two,1906,November,"November,1906",105,0,,,,November,,1906
530,3,Alicia,1908,July,"July,1908",115,21,"$8,490,000,000.00 ",,,July,,1908
531,2,Five,1908,May,"May,1908",110,21,,,,May,,1908
532,3,Irene,1908,May,"May,1908",120,,,,,May,,1908
533,2,One,1908,July,"July,1908",110,0,,,,July,,1908
534,1,Three,1908,July,"July,1908",80,,,,,July,,1908
535,1,Two,1908,May,"May,1908",75,,,,,May,,1908
538,3,Elena,1911,August,"August,1911",125,9,"$1,300,000,000.00 ",,,August,,1911
539,2,Two,1911,August,"August,1911",100,1,"$1,450,000.00 ",,,August,,1911
540,1,Two,1911,August,"August,1911",80,,"$12,600.00 ",,,August,,1911
541,1,Four,1912,September,"September,1912",90,,"$39,000.00 ",,,September,,1912
542,2,Four,1912,September,"September,1912",110,0,,,,September,,1912
543,3,Emily,1912,October,"October,1912",125,3,,,,October,,1912
544,1,Five,1912,October,"October,1912",90,,,,,October,,1912
545,3,Kate,1912,September,"September,1912",120,15,,,,September,,1912
546,2,Two,1912,October,"October,1912",105,0,,,,October,,1912
547,1,Four,1913,August,"August,1913",85,5,"$4,000,000.00 ",,,August,,1913
548,2,Four,1913,June,"June,1913",110,89,,,,June,,1913
549,2,Four,1913,October,"October,1913",110,0,,,,October,,1913
550,1,Five,1913,October,"October,1913",75,,"$75,000.00 ",,,October,,1913
551,2,Five,1913,August,"August,1913",105,0,,,,August,,1913
552,3,Bob,1913,August,"August,1913",115,17,,,,August,,1913
553,2,Eight,1913,October,"October,1913",105,0,,,,October,,1913
554,3,Emily,1913,October,"October,1913",115,3,,,,October,,1913
555,3,Gustav,1913,June,"June,1913",120,0,,,,June,,1913
556,3,Marilyn,1913,October,"October,1913",115,12,,,,October,,1913
557,1,One,1913,June,"June,1913",75,0,,,,June,,1913
558,1,Six,1913,October,"October,1913",75,0,,,,October,,1913
559,1,One,1915,July,"July,1915",75,,"$250,000.00 ",,,July,,1915
560,2,One,1915,July,"July,1915",105,2,"$235,000.00 ",,,July,,1915
561,4,Galveston,1915,August,"August,1915",,,,,,August,,1915
562,4,New Orleans,1915,September,"September,1915",,,,,,September,,1915
563,3,Roxanne,1915,July,"July,1915",115,29,,,,July,,1915
564,3,Bertha,1916,August,"August,1916",115,12,,,,August,,1916
565,1,Eight,1916,August,"August,1916",80,,,,,August,,1916
566,2,Fifteen,1916,September,"September,1916",100,0,,,,September,,1916
567,3,Fran,1916,September,"September,1916",120,27,,,,September,,1916
568,2,Seven,1916,August,"August,1916",100,2,,,,August,,1916
569,1,Ten,1916,September,"September,1916",85,0,,,,September,,1916
570,2,Two,1918,August,"August,1918",110,35,"$7,500,000.00 ",,,August,,1918
571,3,Isidore,1918,August,"August,1918",115,0,,,,August,,1918
572,1,Three,1918,August,"August,1918",75,0,,,,August,,1918
573,4,Florida Keys,1919,September,"September,1919",,,,,,September,,1919
574,2,One,1920,September,"September,1920",100,,"$4,400,000.00 ",,,September,,1920
575,3,Erika,1920,September,"September,1920",125,2,,,,September,,1920
576,1,Five,1920,September,"September,1920",85,1,,,,September,,1920
577,3,Lili,1920,September,"September,1920",115,22,,,,September,,1920
578,2,Thirteen,1920,September,"September,1920",110,67,,,,September,,1920
579,1,Three,1920,September,"September,1920",85,1,,,,September,,1920
580,1,Two,1921,September,"September,1921",80,215,"$19,000,000.00 ",,,September,,1921
581,2,Seven,1921,September,"September,1921",105,19,"$5,500,000.00 ",,,September,,1921
582,2,Seven,1921,June,"June,1921",105,8,"$10,000.00 ",,,June,,1921
583,3,Alberto,1921,September,"September,1921",125,0,,,,September,,1921
584,3,Bonnie,1921,June,"June,1921",115,5,,,,June,,1921
585,3,Erin,1921,September,"September,1921",120,,,,,September,,1921
586,1,Four,1921,September,"September,1921",90,0,,,,September,,1921
587,1,One,1921,June,"June,1921",90,0,,,,June,,1921
588,4,Tampa Bay,1921,October,"October,1921",,,,,,October,,1921
589,2,Ten,1921,September,"September,1921",100,0,,,,September,,1921
590,2,Five,1922,September,"September,1922",105,4,"$200,000.00 ",,,September,,1922
591,3,Felix,1922,September,"September,1922",115,,,,,September,,1922
592,1,Three,1922,September,"September,1922",80,0,,,,September,,1922
593,2,Fifteen,1923,October,"October,1923",105,0,,,,October,,1923
594,1,Four,1923,September,"September,1923",80,0,,,,September,,1923
595,3,Isidore,1923,September,"September,1923",125,22,,,,September,,1923
596,3,Kate,1923,October,"October,1923",125,,,,,October,,1923
597,1,Six,1923,October,"October,1923",80,0,,,,October,,1923
598,2,Ten,1923,September,"September,1923",110,0,,,,September,,1923
599,2,Four,1924,September,"September,1924",100,0,"$1,500,000.00 ",,,September,,1924
600,5,Cuba,1924,October,"October,1924",165,90,,,,October,,1924
601,3,Alex,1924,September,"September,1924",120,1,,,,September,,1924
602,2,Eight,1924,November,"November,1924",100,0,,,,November,,1924
603,1,Eleven,1924,November,"November,1924",80,,,,,November,,1924
604,1,Five,1924,September,"September,1924",85,,,,,September,,1924
605,3,Jeanne,1924,November,"November,1924",120,3037,,,,November,,1924
606,2,Two,1925,August,"August,1925",100,7,"$10,750,000.00 ",,,August,,1925
607,3,Maria,1925,August,"August,1925",115,3,,,,August,,1925
608,1,One,1925,August,"August,1925",80,0,,,,August,,1925
609,4,Miami,1926,September,"September,1926",,,,,,September,,1926
610,4,Nassau,1926,July,"July,1926",,,,,,July,,1926
617,2,Three,1927,September,"September,1927",100,52,"$13,000,000.00 ",,,September,,1927
618,1,Three,1927,September,"September,1927",80,19,"$4,360,000.00 ",,,September,,1927
619,2,Four,1927,September,"September,1927",110,7,"$4,000,000.00 ",,,September,,1927
620,3,Beta,1927,September,"September,1927",115,9,,,,September,,1927
621,3,Gordon,1927,September,"September,1927",120,,,,,September,,1927
622,1,Two,1927,September,"September,1927",90,0,,,,September,,1927
623,1,1928 Haiti hurricane,1928,August,"August,1928",90,210,"$2,000,000.00 ",,,August,,1928
624,2,Five,1928,August,"August,1928",100,3,"$1,490,000.00 ",,,August,,1928
625,5,San Felipe IIOkeechobee,1928,September,"September,1928",160,4000,,,,September,,1928
626,3,Bertha,1928,September,"September,1928",125,3,,,,September,,1928
627,3,Helene,1928,August,"August,1928",120,,,,,August,,1928
628,2,Seven,1928,September,"September,1928",100,0,,,,September,,1928
629,1,Six,1928,September,"September,1928",90,0,,,,September,,1928
630,2,Eleven,1929,October,"October,1929",110,9,"$9,000,000.00 ",,,October,,1929
631,1,One,1929,June,"June,1929",90,,"$365,000.00 ",,,June,,1929
632,1,Five,1929,October,"October,1929",80,0,,,,October,,1929
633,2,Four,1929,June,"June,1929",110,0,,,,June,,1929
634,3,Fred,1929,June,"June,1929",120,,,,,June,,1929
635,3,Karl,1929,October,"October,1929",125,22,,,,October,,1929
638,4,San Zenn,1930,,",1930",,,,,,0,,1930
639,2,One,1931,September,"September,1931",105,19,"$17,000,000.00 ",,,September,,1931
640,1,Eight,1931,September,"September,1931",75,0,,,,September,,1931
641,3,Irene,1931,September,"September,1931",120,48,,,,September,,1931
642,2,Six,1932,August,"August,1932",100,0,"$419,000.00 ",,,August,,1932
643,1,1932 FloridaAlabama hurricane,1932,August,"August,1932",85,,"$226,000.00 ",,,August,,1932
644,5,Bahamas,1932,September,"September,1932",160,16,,,,September,,1932
645,5,Camagey,1932,November,"November,1932",175,3103,,,,November,,1932
646,3,Rina,1932,August,"August,1932",115,,,,,August,,1932
647,4,San Ciprin,1932,,",1932",,,,,,0,,1932
651,3,Sandy,1933,September,"September,1933",115,159,"$79,998,500,000.00 ",,,September,,1933
652,1,Eighteen,1933,October,"October,1933",90,23,"$3,000,000.00 ",,,October,,1933
653,2,One,1933,October,"October,1933",100,1,"$750,000.00 ",,,October,,1933
654,1,1933 FloridaMexico hurricane,1933,July,"July,1933",90,,"$500,000.00 ",,,July,,1933
655,2,Nine,1933,July,"July,1933",110,0,"$300,000.00 ",,,July,,1933
656,2,Nine,1933,September,"September,1933",100,0,,,,September,,1933
657,5,Cuba Brownsville,1933,August,"August,1933",160,179,,,,August,,1933
658,5,Tampico,1933,September,"September,1933",160,184,,,,September,,1933
659,4,Chesapeake,1933,August,"August,1933",,,,,,August,,1933
660,3,Edouard,1933,October,"October,1933",120,2,,,,October,,1933
661,1,Fifteen,1933,September,"September,1933",75,0,,,,September,,1933
662,3,Michael,1933,July,"July,1933",115,,,,,July,,1933
663,4,Outer Banks,1933,September,"September,1933",,,,,,September,,1933
664,4,Treasure Coast,1933,August,"August,1933",,,,,,August,,1933
665,2,Six,1934,August,"August,1934",100,5,"$5,200,000.00 ",,,August,,1934
666,2,Eleven,1934,July,"July,1934",100,5,"$2,000,000.00 ",,,July,,1934
667,3,Danny,1934,July,"July,1934",125,,,,,July,,1934
668,1,Five,1934,August,"August,1934",80,,,,,August,,1934
669,2,Four,1934,July,"July,1934",100,0,,,,July,,1934
670,3,Gaston,1934,July,"July,1934",115,,,,,July,,1934
671,3,Otto,1934,August,"August,1934",115,23,,,,August,,1934
672,1,Three,1934,July,"July,1934",85,,,,,July,,1934
673,1,Two,1934,July,"July,1934",90,0,,,,July,,1934
674,5,Labor Day,1935,September,"September,1935",185,408,,,,September,,1935
675,1,1935 hurricane,1935,October,"October,1935",85,2150,,,,October,,1935
676,2,Charlie,1935,October,"October,1935",110,48,,,,October,,1935
677,3,Lee,1935,October,"October,1935",115,,,,,October,,1935
678,3,Humberto,1936,August,"August,1936",125,2,"$25,000,000.00 ",,,August,,1936
679,2,Eleven,1936,August,"August,1936",110,2,"$6,700,000.00 ",,,August,,1936
680,1,Eleven,1936,August,"August,1936",80,0,,,,August,,1936
681,2,King,1936,June,"June,1936",105,1,"$3,260,000.00 ",,,June,,1936
682,1,Three,1936,June,"June,1936",80,,"$550,000.00 ",,,June,,1936
683,2,One,1936,August,"August,1936",110,2,"$50,000.00 ",,,August,,1936
684,1,Eight,1936,August,"August,1936",75,0,,,,August,,1936
685,3,Epsilon,1936,August,"August,1936",115,1,,,,August,,1936
686,3,Ophelia,1936,June,"June,1936",115,3,,,,June,,1936
687,3,Zeta,1937,October,"October,1937",115,6,"$4,743,700,000.00 ",,,October,,1937
688,2,Baker,1937,October,"October,1937",105,38,"$2,500,000.00 ",,,October,,1937
689,1,Eleven,1937,October,"October,1937",80,0,,,,October,,1937
690,5,New England,1938,September,"September,1938",160,682,,,,September,,1938
691,3,Grace,1939,August,"August,1939",120,15,"$513,000,000.00 ",,,August,,1939
692,3,Larry,1939,October,"October,1939",125,7,"$80,000,000.00 ",,,October,,1939
693,1,Two,1939,August,"August,1939",75,0,$200.00 ,,,August,,1939
694,2,Charlie,1939,August,"August,1939",110,0,,,,August,,1939
695,2,George,1939,October,"October,1939",110,0,,,,October,,1939
696,1,Six,1939,October,"October,1939",90,2,,,,October,,1939
697,2,Item,1940,October,"October,1940",105,0,"$1,500,000.00 ",,,October,,1940
698,1,Eight,1940,October,"October,1940",80,0,,,,October,,1940
699,2,How,1941,September,"September,1941",100,17,"$2,000,000.00 ",,,September,,1941
700,1,Three,1941,September,"September,1941",80,0,,,,September,,1941
701,2,Able,1942,August,"August,1942",100,3,"$21,700,000.00 ",,,August,,1942
702,1,Two,1942,August,"August,1942",80,0,"$790,000.00 ",,,August,,1942
703,2,Alice,1944,September,"September,1944",110,56,"$2,000,000.00 ",,,September,,1944
704,1,Three,1944,July,"July,1944",80,0,"$2,000,000.00 ",,,July,,1944
705,2,Baker,1944,July,"July,1944",110,0,,,,July,,1944
706,2,Easy,1944,July,"July,1944",105,0,,,,July,,1944
707,1,Eight,1944,September,"September,1944",80,,,,,September,,1944
708,4,Great Atlantic hurricane,1944,September,"September,1944",,,,,,September,,1944
709,1,One,1944,July,"July,1944",80,0,,,,July,,1944
710,2,Thirteen,1944,October,"October,1944",100,0,,,,October,,1944
711,1,Twelve,1944,October,"October,1944",80,0,,,,October,,1944
712,2,Diane,1945,October,"October,1945",105,184,"$754,000,000.00 ",,,October,,1945
713,1,Ten,1945,October,"October,1945",90,1,,,,October,,1945
717,2,Edith,1946,July,"July,1946",105,0,,,,July,,1946
718,1,Two,1946,July,"July,1946",80,0,,,,July,,1946
719,1,Three,1947,August,"August,1947",80,1,"$800,000.00 ",,,August,,1947
720,2,Flora,1947,August,"August,1947",105,0,,,,August,,1947
721,2,Greta,1948,November,"November,1948",100,1,"$3,580,000.00 ",,,November,,1948
722,1,Five,1948,September,"September,1948",80,0,"$900,000.00 ",,,September,,1948
723,2,Katie,1948,September,"September,1948",110,7,"$200,000.00 ",,,September,,1948
724,1,Ten,1948,November,"November,1948",75,0,,,,November,,1948
728,1,Ten,1949,September,"September,1949",80,15,"$1,012,000.00 ",,,September,,1949
729,2,Ella,1949,September,"September,1949",110,37,"$100,000.00 ",,,September,,1949
730,2,Ilsa,1949,October,"October,1949",110,0,,,,October,,1949
731,1,Thirteen,1949,October,"October,1949",90,0,,,,October,,1949
736,2,Janice,1950,October,"October,1950",100,9,"$200,000.00 ",,,October,,1950
737,1,Love,1950,October,"October,1950",80,0,,,,October,,1950
738,2,Edith,1951,September,"September,1951",100,10,"$46,600,000.00 ",,,September,,1951
739,1,Dog,1951,August,"August,1951",90,7,"$3,000,000.00 ",,,August,,1951
740,2,Daisy,1951,August,"August,1951",105,32,"$1,100,000.00 ",,,August,,1951
741,2,Anna,1951,May,"May,1951",105,1,"$300,000.00 ",,,May,,1951
742,1,Able,1951,May,"May,1951",90,0,,,,May,,1951
743,4,Charlie,1951,August,"August,1951",,,,,,August,,1951
744,2,Ella,1951,October,"October,1951",110,2,,,,October,,1951
745,1,Jig,1951,October,"October,1951",75,0,,,,October,,1951
746,1,Twelve,1951,September,"September,1951",80,0,,,,September,,1951
747,4,Fox,1952,October,"October,1952",,,,,,October,,1952
749,2,Ginny,1953,August,"August,1953",110,5,"$500,000.00 ",,,August,,1953
751,2,Anna,1953,October,"October,1953",105,0,,,,October,,1953
752,5,Carol,1953,September,"September,1953",160,5,,,,September,,1953
753,1,Dolly,1953,September,"September,1953",75,0,,,,September,,1953
754,2,Elena,1953,October,"October,1953",110,0,,,,October,,1953
755,2,Ethel,1953,September,"September,1953",105,0,,,,September,,1953
756,1,Gail,1953,October,"October,1953",80,0,,,,October,,1953
757,1,Alice,1954,December,"December,1954",90,0,"$623,000.00 ",,,December,,1954
758,2,Chloe,1954,August,"August,1954",110,14,,,,August,,1954
759,1,Dolly,1954,August,"August,1954",85,0,,,,August,,1954
762,1,Gladys,1955,September,"September,1955",90,0,"$500,000.00 ",,,September,,1955
765,5,Janet,1955,September,"September,1955",175,1023,,,,September,,1955
766,2,Laurie,1955,September,"September,1955",105,0,,,,September,,1955
769,2,Ginger,1956,September,"September,1956",110,1,"$10,000,000.00 ",,,September,,1956
770,1,Anna,1956,July,"July,1956",85,0,"$50,000.00 ",,,July,,1956
771,2,Eighteen,1956,July,"July,1956",105,0,,,,July,,1956
772,2,Betty,1957,September,"September,1957",105,0,,,,September,,1957
773,4,Carrie,1957,September,"September,1957",,,,,,September,,1957
774,1,Frieda,1957,September,"September,1957",85,0,,,,September,,1957
775,2,Fifi,1958,September,"September,1958",110,8210,"$1,800,000,000.00 ",,,September,,1958
776,1,Fifi,1958,September,"September,1958",85,0,,,,September,,1958
778,1,Escuminac (Three),1959,June,"June,1959",85,35,"$2,500,000.00 ",,,June,,1959
781,2,Doris,1959,June,"June,1959",110,0,,,,June,,1959
782,2,Emmy,1959,July,"July,1959",105,68,,,,July,,1959
783,2,Faye,1959,July,"July,1959",105,0,,,,July,,1959
784,1,Flora,1959,September,"September,1959",75,0,,,,September,,1959
785,2,Flossie,1959,October,"October,1959",100,0,,,,October,,1959
786,2,Gloria,1959,September,"September,1959",105,0,,,,September,,1959
788,1,Judith,1959,October,"October,1959",85,0,,,,October,,1959
789,1,Abby,1960,July,"July,1960",80,6,"$640,000.00 ",,,July,,1960
790,2,Bonnie,1960,August,"August,1960",100,0,,,,August,,1960
791,1,Cleo,1960,August,"August,1960",85,0,,,,August,,1960
799,2,Gloria,1960,July,"July,1960",100,0,,,,July,,1960
800,1,Debbie,1961,September,"September,1961",90,78,"$50,000,000.00 ",,,September,,1961
802,5,Esther,1961,September,"September,1961",160,7,,,,September,,1961
803,5,Hattie,1961,October,"October,1961",165,319,,,,October,,1961
804,2,Ivan,1961,September,"September,1961",105,0,,,,September,,1961
805,2,Jeanne,1961,November,"November,1961",100,0,,,,November,,1961
806,1,Jenny,1961,November,"November,1961",80,0,,,,November,,1961
807,1,Alma,1962,August,"August,1962",85,1,"$1,000,000.00 ",,,August,,1962
808,2,Gert,1962,August,"August,1962",105,0,,,,August,,1962
809,2,Josephine,1962,November,"November,1962",105,1,,,,November,,1962
810,1,Ten,1962,November,"November,1962",90,0,,,,November,,1962
811,2,Dean,1963,September,"September,1963",105,0,"$8,900,000.00 ",,,September,,1963
812,1,Debra,1963,September,"September,1963",75,0,,,,September,,1963
813,2,Earl,1963,September,"September,1963",105,0,,,,September,,1963
814,4,Flora,1963,October,"October,1963",,,,,,October,,1963
815,1,Four,1963,September,"September,1963",80,0,,,,September,,1963
818,2,Erin,1964,July,"July,1964",105,0,,,,July,,1964
820,1,Three,1964,July,"July,1964",85,0,,,,July,,1964
821,2,Diana,1965,September,"September,1965",100,139,"$90,700,000.00 ",,,September,,1965
824,1,Carol,1965,September,"September,1965",90,0,,,,September,,1965
825,1,Becky,1966,July,"July,1966",75,0,,,,July,,1966
826,2,Bonnie,1966,July,"July,1966",110,1,,,,July,,1966
827,1,Celia,1966,July,"July,1966",80,0,,,,July,,1966
828,2,Charley,1966,November,"November,1966",110,0,,,,November,,1966
829,1,Dorothy,1966,July,"July,1966",85,0,,,,July,,1966
830,2,Grace,1966,July,"July,1966",105,0,,,,July,,1966
832,2,Isidore,1966,July,"July,1966",100,0,,,,July,,1966
833,1,Lois,1966,November,"November,1966",80,0,,,,November,,1966
834,2,Erin,1967,October,"October,1967",100,13,"$700,000,000.00 ",,,October,,1967
835,2,Gert,1967,August,"August,1967",100,116,"$170,000,000.00 ",,,August,,1967
836,1,Doria,1967,September,"September,1967",85,3,"$150,000.00 ",,,September,,1967
837,1,Arlene,1967,August,"August,1967",85,0,,,,August,,1967
839,1,Fern,1967,October,"October,1967",85,3,,,,October,,1967
840,2,Florence,1967,September,"September,1967",110,0,,,,September,,1967
841,1,Heidi,1967,October,"October,1967",90,0,,,,October,,1967
842,2,Humberto,1967,October,"October,1967",110,0,,,,October,,1967
843,2,Earl,1968,August,"August,1968",100,3,"$79,000,000.00 ",,,August,,1968
845,1,Abby,1968,June,"June,1968",75,6,"$450,000.00 ",,,June,,1968
846,2,Danielle,1968,June,"June,1968",105,0,"$50,000.00 ",,,June,,1968
847,1,Brenda,1968,June,"June,1968",75,0,,,,June,,1968
848,1,Dolly,1968,August,"August,1968",80,0,,,,August,,1968
849,2,Iris,1968,June,"June,1968",110,5,,,,June,,1968
850,2,Jeanne,1968,October,"October,1968",105,0,,,,October,,1968
851,2,Irene,1969,September,"September,1969",110,18,"$800,000,000.00 ",,,September,,1969
852,2,Dennis,1969,September,"September,1969",105,4,"$157,000,000.00 ",,,September,,1969
853,1,Martha,1969,November,"November,1969",90,5,"$30,000,000.00 ",,,November,,1969
854,2,Jose,1969,October,"October,1969",100,3,"$5,000,000.00 ",,,October,,1969
855,1,Blanche,1969,August,"August,1969",85,0,,,,August,,1969
859,1,Holly,1969,September,"September,1969",85,0,,,,September,,1969
860,2,Karl,1969,August,"August,1969",105,0,,,,August,,1969
861,2,Michael,1969,November,"November,1969",110,0,,,,November,,1969
862,1,Seventeen,1969,October,"October,1969",75,0,,,,October,,1969
863,1,Ten,1969,September,"September,1969",75,0,,,,September,,1969
864,2,Gustav,1970,October,"October,1970",100,4,"$340,000.00 ",,,October,,1970
865,1,Alma,1970,May,"May,1970",75,8,,,,May,,1970
867,2,Humberto,1970,May,"May,1970",105,0,,,,May,,1970
868,1,Nineteen,1970,October,"October,1970",80,0,,,,October,,1970
869,2,Dolly,1971,September,"September,1971",100,26,"$1,600,000,000.00 ",,,September,,1971
870,2,Juan,1971,August,"August,1971",110,8,"$200,000,000.00 ",,,August,,1971
872,1,Beth,1971,August,"August,1971",85,1,"$5,100,000.00 ",,,August,,1971
873,1,Irene,1971,September,"September,1971",80,3,"$1,000,000.00 ",,,September,,1971
874,2,Irene,1971,September,"September,1971",105,1,,,,September,,1971
875,2,Danielle,1971,August,"August,1971",110,0,,,,August,,1971
877,1,Two,1971,August,"August,1971",85,0,,,,August,,1971
880,2,Ida,1972,June,"June,1972",105,4,"$11,400,000.00 ",,,June,,1972
881,2,Alex,1972,September,"September,1972",110,52,"$1,520,000.00 ",,,September,,1972
882,1,Dawn,1972,September,"September,1972",80,0,,,,September,,1972
883,2,Richard,1973,August,"August,1973",100,2,"$80,000,000.00 ",,,August,,1973
884,2,Tomas,1973,October,"October,1973",100,51,"$4,634,000.00 ",,,October,,1973
885,1,Alice,1973,July,"July,1973",90,0,,,,July,,1973
886,1,Brenda,1973,August,"August,1973",90,10,,,,August,,1973
887,1,Fran,1973,October,"October,1973",80,0,,,,October,,1973
888,2,Paula,1973,July,"July,1973",105,1,,,,July,,1973
889,2,Ernesto,1974,September,"September,1974",100,12,"$252,200,000.00 ",,,September,,1974
891,1,Gertrude,1974,September,"September,1974",75,0,,,,September,,1974
892,1,Blanche,1975,July,"July,1975",85,0,"$6,200,000.00 ",,,July,,1975
893,2,Gordon,1975,July,"July,1975",110,0,,,,July,,1975
894,2,Arthur,1976,October,"October,1976",100,1,"$28,600,000.00 ",,,October,,1976
895,1,Candice,1976,August,"August,1976",90,0,,,,August,,1976
896,1,Holly,1976,October,"October,1976",75,0,,,,October,,1976
897,2,Kirk,1976,August,"August,1976",105,0,,,,August,,1976
899,2,Katia,1977,September,"September,1977",105,3,"$3,260,000.00 ",,,September,,1977
900,5,Anita,1977,September,"September,1977",175,11,,,,September,,1977
901,2,Chris,1977,September,"September,1977",105,1,,,,September,,1977
902,1,Clara,1977,September,"September,1977",75,0,,,,September,,1977
903,1,Dorothy,1977,September,"September,1977",85,0,,,,September,,1977
904,1,Evelyn,1977,October,"October,1977",80,0,,,,October,,1977
905,2,Gert,1977,September,"September,1977",110,2,,,,September,,1977
906,2,Helene,1977,October,"October,1977",110,3,,,,October,,1977
907,1,Kendra,1978,October,"October,1978",80,1,"$6,000,000.00 ",,,October,,1978
908,1,Cora,1978,August,"August,1978",90,1,,,,August,,1978
909,4,Greta,1978,September,"September,1978",,,,,,September,,1978
910,2,Jerry,1978,October,"October,1978",105,0,,,,October,,1978
911,2,Oscar,1978,August,"August,1978",110,0,,,,August,,1978
912,2,Sally,1979,September,"September,1979",110,5,"$7,928,700,000.00 ",,,September,,1979
913,2,Paulette,1979,July,"July,1979",105,1,"$50,000,000.00 ",,,July,,1979
920,1,Henri,1979,September,"September,1979",85,0,,,,September,,1979
922,1,Charley,1980,August,"August,1980",80,7,,,,August,,1980
923,1,Earl,1980,September,"September,1980",75,0,,,,September,,1980
924,1,Georges,1980,September,"September,1980",80,0,,,,September,,1980
925,1,Karl,1980,November,"November,1980",85,0,,,,November,,1980
926,1,Dennis,1981,August,"August,1981",80,0,"$15,000,000.00 ",,,August,,1981
927,1,Emily,1981,August,"August,1981",90,0,,,,August,,1981
928,1,Katrina,1981,November,"November,1981",85,2,,,,November,,1981
929,1,Alberto,1982,June,"June,1982",85,23,"$85,000,000.00 ",,,June,,1982
930,1,Barry,1983,August,"August,1983",80,0,,,,August,,1983
931,1,Chantal,1983,September,"September,1983",75,0,,,,September,,1983
932,1,Klaus,1984,November,"November,1984",90,2,"$152,000,000.00 ",,,November,,1984
934,1,Hortense,1984,September,"September,1984",75,0,,,,September,,1984
935,1,Lili,1984,December,"December,1984",80,0,,,,December,,1984
944,1,Claudette,1985,August,"August,1985",85,0,,,,August,,1985
947,1,Frances,1986,November,"November,1986",85,0,,,,November,,1986
949,1,Arlene,1987,August,"August,1987",75,0,"$8,000.00 ",,,August,,1987
951,1,Debby,1988,August,"August,1988",75,20,,,,August,,1988
952,5,Gilbert,1988,September,"September,1988",185,318,,,,September,,1988
953,4,Joan,1988,October,"October,1988",,,,,,October,,1988
958,1,Felix,1989,August,"August,1989",85,0,,,,August,,1989
959,1,Bertha,1990,July,"July,1990",80,9,"$3,910,000.00 ",,,July,,1990
960,1,Klaus,1990,October,"October,1990",80,11,"$1,000,000.00 ",,,October,,1990
961,1,Josephine,1990,September,"September,1990",85,0,,,,September,,1990
962,1,Lili,1990,October,"October,1990",75,0,,,,October,,1990
963,1,Nana,1990,October,"October,1990",85,0,,,,October,,1990
964,1,1991 Perfect Storm,1991,October,"October,1991",75,13,"$200,000,000.00 ",,,October,,1991
967,1,Frances,1992,October,"October,1992",85,0,,,,October,,1992
968,1,Floyd,1993,September,"September,1993",75,0,,,,September,,1993
969,1,Harvey,1993,September,"September,1993",75,0,,,,September,,1993
970,1,Gordon,1994,November,"November,1994",85,1152,"$594,000,000.00 ",,,November,,1994
971,1,Chris,1994,August,"August,1994",80,0,,,,August,,1994
974,1,Allison,1995,June,"June,1995",75,1,"$1,700,000.00 ",,,June,,1995
975,4,Luis,1995,September,"September,1995",,,,,,September,,1995
976,1,Noel,1995,September,"September,1995",75,0,,,,September,,1995
977,1,Tanya,1995,October,"October,1995",85,1,,,,October,,1995
978,1,Marco,1996,November,"November,1996",75,13,"$3,885,000,000.00 ",,,November,,1996
979,1,Cesar,1996,July,"July,1996",85,113,"$203,000,000.00 ",,,July,,1996
980,1,Dolly,1996,August,"August,1996",80,14,,,,August,,1996
981,4,Hortense,1996,September,"September,1996",,,,,,September,,1996
984,1,Bill,1997,July,"July,1997",75,0,,,,July,,1997
987,1,Ivan,1998,September,"September,1998",90,0,,,,September,,1998
988,1,Lisa,1998,October,"October,1998",75,0,,,,October,,1998
989,5,Mitch,1998,October,"October,1998",180,19325,,,,October,,1998
990,1,Nicole,1998,November,"November,1998",85,0,,,,November,,1998
993,4,Lenny,1999,November,"November,1999",,,,,,November,,1999
994,1,Gordon,2000,September,"September,2000",80,26,"$10,800,000.00 ",,,September,,2000
995,1,Debby,2000,August,"August,2000",85,1,"$7,350,000.00 ",,,August,,2000
996,1,Florence,2000,September,"September,2000",80,3,,,,September,,2000
997,1,Joyce,2000,September,"September,2000",90,0,,,,September,,2000
998,4,Keith,2000,October,"October,2000",,,,,,October,,2000
999,1,Gabrielle,2001,September,"September,2001",80,3,"$230,000,000.00 ",,,September,,2001
1000,1,Karen,2001,October,"October,2001",80,0,"$1,400,000.00 ",,,October,,2001
1001,4,Iris,2001,October,"October,2001",,,,,,October,,2001
1002,4,Michelle,2001,November,"November,2001",,,,,,November,,2001
1003,1,Noel,2001,November,"November,2001",75,0,,,,November,,2001
1004,1,Olga,2001,November,"November,2001",90,0,,,,November,,2001
1006,1,Kyle,2002,September,"September,2002",85,1,"$5,000,000.00 ",,,September,,2002
1010,1,Erika,2003,August,"August,2003",75,2,"$100,000.00 ",,,August,,2003
1011,1,Danny,2003,July,"July,2003",75,0,,,,July,,2003
1019,1,Lisa,2004,September,"September,2004",75,0,,,,September,,2004
1028,1,Stan,2005,October,"October,2005",80,1668,"$3,960,000,000.00 ",,,October,,2005
1033,5,Emily,2005,July,"July,2005",160,17,,,,July,,2005
1034,1,Epsilon,2005,November,"November,2005",85,0,,,,November,,2005
1035,1,Nate,2005,September,"September,2005",90,2,,,,September,,2005
1036,1,Philippe,2005,September,"September,2005",80,0,,,,September,,2005
1037,1,Vince,2005,October,"October,2005",75,0,,,,October,,2005
1038,1,Ernesto,2006,August,"August,2006",75,11,"$500,000,000.00 ",,,August,,2006
1039,1,Florence,2006,September,"September,2006",90,0,"$20,000.00 ",,,September,,2006
1040,1,Isaac,2006,September,"September,2006",85,0,,,,September,,2006
1041,1,Noel,2007,October,"October,2007",80,222,"$580,000,000.00 ",,,October,,2007
1042,1,Lorenzo,2007,September,"September,2007",80,6,"$92,000,000.00 ",,,September,,2007
1045,5,Dean,2007,August,"August,2007",175,45,,,,August,,2007
1046,5,Felix,2007,September,"September,2007",175,133,,,,September,,2007
1047,1,Karen,2007,September,"September,2007",75,0,,,,September,,2007
1050,1,Hanna,2008,August,"August,2008",85,537,"$160,000,000.00 ",,,August,,2008
1051,1,Kyle,2008,September,"September,2008",85,8,"$57,000,000.00 ",,,September,,2008
1052,4,Paloma,2008,November,"November,2008",,,,,,November,,2008
1053,4,Bill,2009,August,"August,2009",,,,,,August,,2009
1054,4,Earl,2010,August,"August,2010",,,,,,August,,2010
1055,4,Igor,2010,September,"September,2010",,,,,,September,,2010
1056,1,Lisa,2010,September,"September,2010",85,0,,,,September,,2010
1057,1,Otto,2010,October,"October,2010",85,0,,,,October,,2010
1058,1,Shary,2010,October,"October,2010",75,0,,,,October,,2010
1059,1,Maria,2011,September,"September,2011",80,0,,,,September,,2011
1060,1,Nate,2011,September,"September,2011",75,5,,,,September,,2011
1061,1,Philippe,2011,September,"September,2011",90,0,,,,September,,2011
1063,1,Chris,2012,June,"June,2012",85,0,,,,June,,2012
1064,1,Leslie,2012,August,"August,2012",80,0,,,,August,,2012
1065,1,Nadine,2012,September,"September,2012",90,0,,,,September,,2012
1066,1,Humberto,2013,September,"September,2013",90,0,,,,September,,2013
1067,1,Ingrid,2013,September,"September,2013",85,32,,,,September,,2013
1068,1,Bertha,2014,August,"August,2014",80,0,,,,August,,2014
1069,1,Cristobal,2014,August,"August,2014",85,7,,,,August,,2014
1070,1,Fay,2014,October,"October,2014",80,0,,,,October,,2014
1071,4,Gonzalo,2014,October,"October,2014",,,,,,October,,2014
1072,1,Fred,2015,August,"August,2015",85,9,,,,August,,2015
1073,4,Joaquin,2015,October,"October,2015",,,,,,October,,2015
1074,1,Kate,2015,November,"November,2015",85,0,,,,November,,2015
1079,1,Alex,2016,January,"January,2016",85,1,,,,January,,2016
1080,1,Earl,2016,August,"August,2016",85,94,,,,August,,2016
1083,5,Maria,2017,September,"September,2017",175,2981,"$103,500,000,000.00 ",,,September,,2017
1085,1,Franklin,2017,August,"August,2017",85,0,,,,August,,2017
1092,1,Beryl,2018,July,"July,2018",80,0,,,,July,,2018
1093,1,Isaac,2018,September,"September,2018",75,0,,,,September,,2018
1094,1,Leslie,2018,September,"September,2018",90,17,,,,September,,2018
1097,5,Lorenzo,2019,September,"September,2019",160,19,,,,September,,2019
1098,1,Pablo,2019,October,"October,2019",80,0,,,,October,,2019
1105,4,Eta,2020,November,"November,2020",,,,,,November,,2020
1106,1,Gamma,2020,October,"October,2020",75,6,,,,October,,2020
1107,4,Iota,2020,November,"November,2020",,,,,,November,,2020
1108,1,Marco,2020,August,"August,2020",75,1,,,,August,,2020
1109,1,Nana,2020,September,"September,2020",75,0,,,,September,,2020
1112,1,Elsa,2021,June,"June,2021",85,13,,,,June,,2021
1113,1,Henri,2021,August,"August,2021",75,2,,,,August,,2021
1114,4,Sam,2021,September,"September,2021",,,,,,September,,2021
1115,2,Kara,"1954  January 6, 1955",December,"December,1954  January 6, 1955",105,0,,,,December,,1954